competitors_count,competitor_1_distance_miles,competitor_1_google_rating,competitor_1_google_user_rating_count,competitor_2_distance_miles,competitor_2_google_rating,competitor_2_google_user_rating_count,nearby_traffic_lights_count,distance_nearest_traffic_light_1,distance_nearest_traffic_light_2,distance_nearest_traffic_light_3,distance_nearestroad_1,nearestroad_1_maxspeed,distance_nearestroad_2,nearestroad_2_maxspeed,distance_nearestroad_3,nearestroad_3_maxspeed,distance_from_nearest_walmart,count_of_walmart_5miles,rainy_days,snowy_days,days_below_freezing,days_pleasant_temp,avg_daily_max_windspeed_ms,type_of_lot,tunnel_length
4.0,0.513618496608942,2.0,1.0,0.601399059552287,4.0,68.0,29.0,0.128614778606146,0.200674983121311,0.216604529835937,0.0264842934508155,35,0.133988116017951,25,0.173456323588907,25.0,1.15282824861776,1,48.1,13.6,59.6,131.4,24.5658020061382,0,86.06020305
3.0,0.451115723190687,4.7,185.0,0.513823552710007,4.3,871.0,30.0,0.144587505591198,0.252165646884785,0.264038051843324,0.0590154606787932,45,0.153199460793369,30,0.206014702699269,40.0,2.41549742613994,2,139.4,0.1,3.3,166.1,19.3680150460364,1,166.175688
0.0,10.0,2.5,0.0,10.0,2.5,0.0,9.0,0.221173311718854,0.32803140688572,0.432446673439051,0.264236052020048,70,0.343421393992354,45,0.372292627055433,35.0,0.628947940496895,1,130.8,1.5,23.1,151.6,14.4838500636275,0,103.6520865
1.0,0.314228231176358,4.3,183.0,10.0,2.5,0.0,25.0,0.0633890555755517,0.142691267689116,0.35188065208537,0.0238586701292369,35,0.0610983609049234,35,0.142690031565115,45.0,2.54878373356825,2,43.2,19.0,76.1,113.0,21.1649679616738,1,181.7321411
0.0,10.0,2.5,0.0,10.0,2.5,0.0,12.0,0.0979101943968163,0.397927189054185,0.857974855811545,0.0941098489483066,45,0.263697562956537,30,0.491746674494225,25.0,0.660587423501921,1,60.7,42.4,199.7,106.2,17.3418353170148,1,132.5489699
2.0,0.455508275332474,3.6,138.0,0.966128502246141,4.6,43.0,19.0,0.143521337714616,0.399763279134982,0.588770542390502,0.13800424418987,40,0.491172420610855,20,1.78435091703884,40.0,0.313040160662768,1,57.5,4.2,29.3,130.4,24.7637534246575,0,186.4511674
1.0,0.547392599321257,4.1,488.0,10.0,2.5,0.0,18.0,0.0354964759968276,0.225717170603867,0.276500886568397,0.0285161956057526,45,0.225715215231597,35,0.22898392845451,75.0,0.191506175974561,1,114.3,1.2,7.8,161.5,18.3089280634778,1,148.3703517
1.0,0.641096515867333,3.9,163.0,10.0,2.5,0.0,23.0,0.0273429979217603,0.124826732947736,0.274555769824418,0.0945494149115845,55,0.2002668777926,40,0.285015934479768,5.0,10.0,0,151.6,38.0,87.1,142.9,16.0559015644884,1,93.06830562
1.0,0.567348617091741,4.9,687.0,10.0,2.5,0.0,16.0,0.0577955893424395,0.395681899909341,0.414870008811095,0.0213675112691468,40,0.0417702943464218,55,0.342441301846622,35.0,3.06035279528146,1,153.9,40.2,83.3,142.4,15.9683312373681,0,65.89007351
1.0,0.830395954034106,2.5,0.0,10.0,2.5,0.0,68.0,0.041186743159237,0.208565018858865,0.22497592484296,0.0282740796682282,25,0.138547461410421,25,0.22497397589267,25.0,4.24013996142981,1,153.7,37.6,83.2,142.0,16.3401735908376,0,89.50756356
0.0,10.0,2.5,0.0,10.0,2.5,0.0,15.0,0.0583086943409997,0.284531596201378,0.784539823458678,0.141899360240169,55,0.2533154182609,25,0.270160469690257,25.0,2.32373874554513,1,88.8,26.2,103.3,115.1,22.6452405120144,0,120.6036076
0.0,10.0,2.5,0.0,10.0,2.5,0.0,27.0,0.0697002957977897,0.0817264889592174,0.248254616281168,0.0337762991798808,35,0.0610499242277194,45,0.16887497328873,35.0,0.398627987890706,1,127.5,3.8,34.1,141.9,16.5377664495846,1,131.1581449
1.0,0.796107931038085,3.5,95.0,10.0,2.5,0.0,30.0,0.0915161124164299,0.0936823877092268,0.171759488008779,0.0245506598206594,35,0.0541016384702676,45,0.171758000068547,10.0,0.48046476312731,1,135.8,3.1,29.5,148.2,15.239779923647,0,113.4330248
1.0,0.921783976740067,3.7,108.0,10.0,2.5,0.0,48.0,0.269995321884097,0.324542687100143,0.849659792434677,0.039442428913893,40,0.116993989560215,35,0.286446924986762,25.0,3.56776310722574,1,126.8,24.6,89.6,129.7,16.6981768844973,0,117.5997517
1.0,0.423889583370982,3.0,206.0,10.0,2.5,0.0,29.0,0.225760479044566,0.258735555316897,0.26333884876411,0.024983205947976,35,0.0639502800011085,70,0.225111404105177,35.0,0.187945545400898,1,123.5,6.1,40.2,139.3,15.4863053372258,0,128.6322043
2.0,0.336722375991407,1.8,44.0,0.340692512231834,1.9,20.0,11.0,0.146916655975914,0.400868826309179,0.533358034006257,0.0338135301218974,40,0.0447154274301311,25,0.0525402108787752,25.0,2.29518795356936,1,104.0,18.0,78.3,119.8,19.1754408264092,0,135.5318758
0.0,10.0,2.5,0.0,10.0,2.5,0.0,33.0,0.0371282877081197,0.218465502607316,0.381813583619191,0.0318970476789324,35,0.162763521389774,65,0.484806559473438,45.0,0.987679541005002,3,124.1,0.4,14.2,153.4,14.9060667714649,0,121.794757
0.0,10.0,2.5,0.0,10.0,2.5,0.0,8.0,0.0568036846614381,0.144663227222814,0.913440970451587,0.0462586563019275,45,0.052651776986355,45,0.143946134704306,45.0,3.40332193900782,1,165.6,0.0,0.2,170.5,16.2984438206453,1,133.7422934
1.0,0.0993043329164726,3.2,89.0,10.0,2.5,0.0,2.0,0.425797756426406,0.49326305726278,10.0,0.30410450113263,55,0.358507608764064,25,0.442204099666794,25.0,10.0,0,53.7,31.1,124.7,114.7,20.9023551164009,0,101.5445069
0.0,10.0,2.5,0.0,10.0,2.5,0.0,0.0,10.0,10.0,10.0,10.0,0,10.0,0,10.0,0.0,4.94662510537601,1,13.8,0.0,0.1,137.8,17.1374099109215,0,148.1185825
0.0,10.0,2.5,0.0,10.0,2.5,0.0,4.0,0.0799544378046261,1.43803000133862,1.45743727182117,0.0563590242186119,60,0.0586094982601789,40,0.108189333034359,30.0,2.41969523749073,1,107.5,1.6,9.6,137.3,20.8584900815929,1,149.8236154
0.0,10.0,2.5,0.0,10.0,2.5,0.0,2.0,1.15662944963807,1.16711729291899,10.0,0.434230878553976,15,1.15380097155566,45,1.76876226835879,25.0,2.86917229685271,2,139.7,0.1,6.0,169.0,16.352365820795,0,127.4801259
0.0,10.0,2.5,0.0,10.0,2.5,0.0,0.0,10.0,10.0,10.0,10.0,0,10.0,0,10.0,0.0,10.0,0,144.7,0.0,0.9,170.8,16.7264214387304,0,130.786479
0.0,10.0,2.5,0.0,10.0,2.5,0.0,0.0,10.0,10.0,10.0,10.0,0,10.0,0,10.0,0.0,3.10698513591799,1,138.8,1.3,27.6,160.9,16.2074603637997,0,129.0070539
0.0,10.0,2.5,0.0,10.0,2.5,0.0,0.0,10.0,10.0,10.0,10.0,0,10.0,0,10.0,0.0,1.28355601015609,2,141.9,2.9,29.0,159.7,15.4207505052773,1,134.5620537
0.0,10.0,2.5,0.0,10.0,2.5,0.0,0.0,10.0,10.0,10.0,10.0,0,10.0,0,10.0,0.0,3.94602189452712,1,149.2,0.0,0.7,169.5,17.0704599895202,1,122.6153437
0.0,10.0,2.5,0.0,10.0,2.5,0.0,0.0,10.0,10.0,10.0,10.0,0,10.0,0,10.0,0.0,3.33880382099183,3,140.2,3.1,29.0,156.7,15.4779858522344,0,124.4850899
0.0,10.0,2.5,0.0,10.0,2.5,0.0,0.0,10.0,10.0,10.0,10.0,0,10.0,0,10.0,0.0,0.851003039551712,1,140.0,2.9,28.1,158.0,16.1799581555506,1,115.6098865
0.0,10.0,2.5,0.0,10.0,2.5,0.0,8.0,0.0908241434998861,0.766416083438578,1.29883041334356,10.0,0,10.0,0,10.0,0.0,0.662128907226416,1,139.0,19.7,61.6,153.1,15.1096436859046,0,118.4463948
0.0,10.0,2.5,0.0,10.0,2.5,0.0,6.0,0.0676540145226123,0.105584287039116,0.383804089420977,0.0190966084202681,45,0.0980597687571437,40,0.169162377625666,30.0,0.219615176831586,1,127.1,0.5,15.9,155.1,14.0604871622127,0,148.6344736
0.0,10.0,2.5,0.0,10.0,2.5,0.0,9.0,0.0843639312849878,0.361485109100662,0.362442604071926,0.0188333159559752,35,0.301317879335181,35,0.361481977580881,30.0,10.0,0,132.6,0.6,18.8,154.7,14.4154105846246,0,122.0021868
0.0,10.0,2.5,0.0,10.0,2.5,0.0,1.0,0.400734112990013,10.0,10.0,0.0279338182057081,55,0.395178587935447,55,1.65737238422646,25.0,10.0,0,136.0,1.0,22.4,155.1,14.9676001946253,0,143.0576144
0.0,10.0,2.5,0.0,10.0,2.5,0.0,7.0,0.118404461462967,0.220619847011235,0.241812643128211,0.0259646920940237,35,0.118403435732961,35,0.240996556618097,35.0,1.30960216546821,1,125.5,0.3,8.4,154.7,17.92211655064,1,148.6258818
0.0,10.0,2.5,0.0,10.0,2.5,0.0,0.0,10.0,10.0,10.0,10.0,0,10.0,0,10.0,0.0,1.30459062595729,1,159.9,0.7,4.8,155.5,15.4840031439479,0,161.2050981
1.0,0.126987448969663,4.0,346.0,10.0,2.5,0.0,12.0,0.0605590735525532,0.19631329807647,0.35749966111511,0.0479883105395111,45,0.357496564121361,30,0.540522869260526,45.0,0.294206345345535,1,135.8,1.0,23.1,156.4,15.1007913017441,1,142.5064958
2.0,0.0096750924577708,4.2,33.0,0.306335080163633,4.2,441.0,14.0,0.146370281497816,0.302837655589265,0.359471757349326,0.0544783912370218,35,0.0628551761795426,55,0.321784003725267,45.0,0.348015732577899,2,136.7,3.1,27.7,154.1,15.4069869002171,0,121.7555913
1.0,0.321313542777519,4.9,1999.0,10.0,2.5,0.0,22.0,0.0902107279760222,0.128268359189984,0.2933084656274,1.16635965025833,45,1.9567277337932,30,10.0,0.0,0.229510438673343,1,164.7,0.6,3.5,158.6,19.8739572572797,0,125.0023255
2.0,0.704082379441189,3.0,2.0,0.759332650282493,4.4,7.0,33.0,0.0952995829851381,0.203527498348417,0.272460745623005,0.517437307015533,40,0.684859651535757,45,0.864445462354491,45.0,0.292813775162788,1,61.1,0.8,2.8,130.3,21.1588991690995,0,81.62986444
2.0,0.418427645025071,2.3,42.0,0.420416778123862,4.6,58.0,14.0,0.37427467283242,0.820788989566632,1.13118349189031,0.239475022789413,30,0.840346815313018,50,0.885804451071487,45.0,0.153718858208332,3,119.4,0.9,5.9,146.3,19.5487110562168,0,80.93896316
1.0,0.146413845398382,4.0,16.0,10.0,2.5,0.0,7.0,0.179165954152109,0.302185700453109,0.435894806987167,0.0891963105360644,20,0.0891963105360644,20,0.123267825580291,20.0,2.14697241760026,1,152.9,0.6,4.8,152.1,16.1909112208998,0,101.5877914
0.0,10.0,2.5,0.0,10.0,2.5,0.0,20.0,0.176936161110052,0.236001320803302,0.294816589372718,0.180540609376966,30,1.27735186261974,45,1.89599676142608,45.0,0.508290010678159,1,65.6,1.1,3.3,132.1,23.4164190433416,0,79.37847734
2.0,0.414920397336329,4.7,3.0,0.976172565734829,2.3,15.0,11.0,0.347442862381472,0.365643973201867,0.646277254727813,0.0516005142815275,65,0.352429881494693,35,1.50090192013423,20.0,0.544832979036448,1,165.7,0.5,3.7,157.5,17.5954995134366,0,80.64636846
1.0,0.880060501049452,3.6,539.0,10.0,2.5,0.0,19.0,0.0740400576518085,0.180529670782988,0.209760362483001,0.190000920158505,65,1.40701535539592,65,1.62037728254521,30.0,0.255534179280392,1,165.4,0.6,2.9,159.0,20.124419492477,0,98.08106706
1.0,0.415254745848175,4.6,1387.0,10.0,2.5,0.0,11.0,0.266516699680135,0.595099198641825,0.714846335721107,10.0,0,10.0,0,10.0,0.0,0.426521247203966,1,139.6,1.0,5.4,148.3,17.7023776480275,0,101.4799589
2.0,0.101454641445119,5.0,1.0,0.471012075124632,4.6,140.0,8.0,0.0490908117075104,0.245839516867551,0.685976836468612,0.0409998393172967,50,0.953084714771122,45,1.09548935723952,65.0,1.63514231225132,1,159.9,0.7,4.6,155.5,15.4840031439479,1,78.70395739
1.0,0.529428719050152,4.7,800.0,10.0,2.5,0.0,5.0,0.267088281126926,0.955645321847663,1.21921385061739,0.267085967360328,45,0.674055037158019,30,1.42727265922101,40.0,1.80065264925063,1,138.8,0.7,5.6,151.7,16.052486937645,1,79.43157961
0.0,10.0,2.5,0.0,10.0,2.5,0.0,6.0,0.081430980275565,0.262752697809285,0.548159831561941,1.33584738116577,65,10.0,0,10.0,0.0,0.17224783588891,1,78.5,0.2,0.8,116.1,24.3932612470993,1,126.0821997
1.0,0.640831252558797,4.5,1099.0,10.0,2.5,0.0,4.0,0.207685951583579,0.476789604059368,0.736107752592797,0.0209311828378675,40,0.293938114258205,45,0.326202081911007,55.0,0.705369192018975,1,121.2,4.8,31.7,128.9,15.0237855378397,1,133.024482
0.0,10.0,2.5,0.0,10.0,2.5,0.0,18.0,0.0412123969422394,0.494147899991712,0.567761337673716,0.0358318413050713,25,0.0601075992641377,25,0.169206660569715,25.0,0.428021203627781,1,106.9,7.7,43.1,120.2,15.8444767572423,1,103.9613525
1.0,0.561820804653419,4.8,470.0,10.0,2.5,0.0,16.0,0.311174432885326,0.435123598720156,0.435251581170025,0.307382831153853,35,0.318789504501066,35,0.421155434676396,50.0,0.683359551180853,1,102.5,5.9,31.4,121.7,17.9215468223669,0,128.9117754
1.0,0.821264429347886,4.7,184.0,10.0,2.5,0.0,27.0,0.0954057265668043,0.142228972141931,0.473153457462285,0.0819104880559478,45,0.263978066360464,45,0.355785949535915,45.0,1.79398585136408,1,131.0,1.7,23.0,148.2,14.5448118122614,0,91.82911653
3.0,0.186857618880937,3.8,80.0,0.215888808593853,4.5,4.0,29.0,0.0454743311729479,0.166843923119918,0.208136368446227,0.169265274795733,40,0.241801365342171,55,0.45469235467676,30.0,1.18689471200325,1,109.5,28.2,99.6,122.6,19.8925134366345,0,121.5885812
0.0,10.0,2.5,0.0,10.0,2.5,0.0,0.0,10.0,10.0,10.0,10.0,0,10.0,0,10.0,0.0,10.0,0,131.3,46.0,121.0,128.2,15.7143947151733,1,132.9774438
0.0,10.0,2.5,0.0,10.0,2.5,0.0,2.0,1.76255521540953,1.89353482503691,10.0,0.0311470369085578,35,0.345202404334355,40,0.565747083603583,15.0,4.98644809010616,1,164.4,61.5,103.3,141.1,17.8470669211767,1,121.5845167
1.0,0.844451643603491,4.0,449.0,10.0,2.5,0.0,4.0,0.145383054861298,1.178315332606,1.22258686873085,0.143898079263154,75,0.316269390343416,25,0.450945472685067,25.0,0.478394051421992,1,121.1,5.3,33.0,126.4,14.8793085560296,0,152.0966785
0.0,10.0,2.5,0.0,10.0,2.5,0.0,21.0,0.106074114707331,0.190548395729508,0.394842897077326,0.038608251900482,45,0.0832974845913009,30,0.11053636452127,45.0,1.69763345951005,1,152.2,0.3,3.2,163.6,18.4610290440901,0,111.1403169
2.0,0.0381304678463041,5.0,1.0,0.68153551976202,3.9,62.0,5.0,0.041223884510833,0.375126824885201,0.537547343284397,0.0412235273913265,45,0.0529200275151125,15,0.375123575187564,40.0,10.0,0,154.1,0.2,3.7,164.1,18.7726751253836,0,126.7502958
1.0,0.52830049791743,3.5,24.0,10.0,2.5,0.0,19.0,0.0454061471813673,0.18393827006865,0.329168872384962,0.369356483640947,45,0.507606127273737,70,0.708438618498234,45.0,1.03427787383654,1,133.0,3.2,35.6,147.7,14.4721044239838,0,132.4374993
0.0,10.0,2.5,0.0,10.0,2.5,0.0,10.0,0.191413043925553,0.674955391551682,0.718200517141319,0.0329497311335644,45,0.177816281833934,30,0.19141138572756,45.0,2.65239664399392,1,150.7,0.0,1.0,172.1,16.3215442772663,0,121.8535871
0.0,10.0,2.5,0.0,10.0,2.5,0.0,7.0,0.0264483703666739,0.476021342648815,0.798751482497694,0.0359635476008917,55,0.79809183757451,30,0.909987953460199,30.0,0.159940256625123,1,64.5,38.2,127.9,121.8,19.0616977318662,1,127.3577684
0.0,10.0,2.5,0.0,10.0,2.5,0.0,8.0,0.500611700824415,0.83179199639291,1.02565337330937,0.0258030475076844,25,0.0498134563743324,25,0.0580189401753626,25.0,0.196971521990601,1,44.9,3.4,15.6,139.1,25.8716656935399,0,97.51138453
2.0,0.487525350775173,4.4,1803.0,0.613608334090245,4.1,912.0,33.0,0.0976151244418626,0.162822862723658,0.222859865318714,0.0330941207053166,40,0.157853081577932,70,0.18582034082084,55.0,0.931862724600899,1,114.7,2.3,15.2,134.1,21.8130398233401,0,131.1698892
2.0,0.025245177291124,2.5,0.0,0.926653030463817,3.5,95.0,20.0,0.140023225492945,0.163724319737832,0.774338281087398,0.0626658167315908,45,0.0626658167315908,45,0.170098276003408,45.0,1.65983873926426,1,135.8,3.1,28.8,148.2,15.239779923647,0,115.4452185
3.0,0.800654633873926,4.9,1348.0,0.918781094396661,4.7,1220.0,22.0,0.113951318247495,0.295037435338517,0.54305417110729,0.0364856133142413,45,0.119005713348253,45,0.347566152297914,45.0,0.755307376698362,1,135.8,3.1,29.5,148.2,15.239779923647,1,130.838465
2.0,0.566681266656076,3.5,24.0,0.848264276412442,4.4,133.0,10.0,0.168805982639486,0.544840469054275,0.598516134469878,0.0362008179896158,45,0.265408447115767,45,1.31299150186579,45.0,4.88332095983532,1,151.0,0.0,1.8,180.6,18.3008821768096,0,94.81114802
0.0,10.0,2.5,0.0,10.0,2.5,0.0,6.0,0.0644371182402603,0.110411927246592,0.987748966079673,0.0448119067284536,55,0.0548351933547379,55,0.128412953621051,55.0,0.169244710414275,1,137.9,2.8,27.8,150.9,14.5933340818924,0,115.6661019
0.0,10.0,2.5,0.0,10.0,2.5,0.0,13.0,0.0796439628077233,0.14463864708552,0.548658359234259,1.02365972797206,45,1.23429053393489,30,1.53178866651646,40.0,3.99287478944865,2,147.1,9.0,39.9,133.1,14.6832306310353,0,79.78270795
3.0,0.0065247822898616,4.3,200.0,0.113197948293127,2.0,3.0,17.0,0.167760783216089,0.321742626649051,0.375092911662042,0.285983903186376,65,1.81873935668376,25,10.0,0.0,1.2864617098658,2,147.9,10.0,43.7,133.2,14.5972418594206,0,65.12559852
2.0,0.707150486281873,3.9,199.0,0.759182893344836,2.5,0.0,21.0,0.0722193794806735,0.11412771704719,0.170463042012778,0.0237565698609726,35,0.203863272819881,55,0.245140901474598,35.0,1.29425239046199,1,125.9,4.1,31.9,147.3,16.2131746388203,1,79.27847105
0.0,10.0,2.5,0.0,10.0,2.5,0.0,2.0,0.750871849156993,1.2745114996186,10.0,0.0383027670556354,55,0.240738177983154,35,0.242770453485017,55.0,10.0,0,86.1,8.1,42.5,114.4,21.4018910098061,0,114.7237883
0.0,10.0,2.5,0.0,10.0,2.5,0.0,27.0,0.0749288351122145,0.242398591395437,0.345654169503064,0.0291473630591909,35,0.0628505544936912,30,0.0741915577451771,30.0,1.32317827931337,1,137.1,56.7,131.7,127.5,15.9565116400928,0,100.2694547
2.0,0.287148583058034,4.4,400.0,0.350200123307573,3.8,33.0,30.0,0.102327752945418,0.309036946689306,0.373703026576044,0.298901737076683,45,0.374035733144779,40,0.523057004874787,25.0,1.44195485895244,2,82.6,61.3,141.6,117.8,27.8258777603114,1,131.6727819
2.0,0.191994909304013,4.5,176.0,0.200712763262137,2.8,12.0,18.0,0.0500334321768306,0.154306639091254,0.314689759029351,0.160183715877535,30,0.305530377548021,30,0.32381948082067,45.0,0.910274010339916,2,99.6,2.7,14.6,139.5,20.4093639493974,1,132.1549079
1.0,0.843034870978934,3.8,33.0,10.0,2.5,0.0,38.0,0.063351337779228,0.31046873738447,0.432463187331514,1.19490050847392,45,1.27794879079972,35,1.36063352848357,40.0,1.05223875649394,1,97.3,2.9,15.7,141.5,22.0665574519051,1,134.4876051
1.0,0.286230253366188,4.1,101.0,10.0,2.5,0.0,1.0,0.950945010566041,10.0,10.0,0.283161476745125,45,0.36280114038582,20,0.89838104746201,20.0,4.44240536805211,1,141.5,1.0,4.0,150.9,16.2192151358635,0,135.2507436
4.0,0.141541011010539,4.9,1494.0,0.464805718184147,4.2,790.0,41.0,0.0690176024246645,0.22815614214372,0.243235624687162,0.275978582920605,50,0.986571382248953,35,1.59648612081022,35.0,0.191243203686353,3,159.5,0.5,4.8,154.5,19.0096015420316,0,135.8571452
2.0,0.263108860081001,3.0,2.0,0.649108252060517,4.1,11.0,3.0,0.269385091307905,0.513678281919661,0.578755651369138,0.269382757644291,55,0.765960590757195,25,0.893541344780299,25.0,10.0,0,149.1,0.7,5.7,153.7,15.6134423983831,0,131.1972648
2.0,0.269707393997934,2.0,4.0,0.59822774457683,4.9,288.0,13.0,0.0393994252506348,0.187024667558219,0.320738175035444,0.357145964437842,65,0.868753186367526,50,1.50711753026014,30.0,10.0,0,145.5,0.9,5.3,154.5,16.2654623100532,0,133.8880663
0.0,10.0,2.5,0.0,10.0,2.5,0.0,2.0,0.122740153695618,0.812409139354984,10.0,1.52620428235111,45,1.71413450919193,45,10.0,0.0,10.0,0,119.4,59.5,122.0,120.2,20.8187426454076,1,110.8728107
1.0,0.92417562150659,4.5,238.0,10.0,2.5,0.0,16.0,0.20816984640565,0.28668006574411,0.342938430559425,0.0527610791450263,25,0.193674238146442,30,0.233895596755911,25.0,1.78204080105129,1,124.8,71.7,133.7,118.4,18.494288344936,1,98.2791735
0.0,10.0,2.5,0.0,10.0,2.5,0.0,9.0,0.237661113583611,0.418960366686196,0.430376476290106,0.0464256636311457,35,0.195435491769713,60,0.346243789983146,55.0,0.416661448846574,1,139.7,0.7,14.6,163.3,19.1197866606782,0,113.3126487
0.0,10.0,2.5,0.0,10.0,2.5,0.0,10.0,0.133504767243508,0.281697549011678,0.345062510121885,0.148156025505575,75,0.693852330629315,35,0.979168424231266,40.0,0.48913563733263,2,121.3,4.6,35.3,127.3,14.7737311175986,0,139.8353325
0.0,10.0,2.5,0.0,10.0,2.5,0.0,24.0,0.0397233709024012,0.445276602088255,0.450900416638687,0.0338335233364617,45,0.450896510520235,35,0.460536684731625,35.0,2.14068472149855,2,47.9,19.1,82.7,114.0,21.9420126506475,0,127.3677086
3.0,0.205410283800214,4.7,650.0,0.206426403932961,2.5,0.0,12.0,0.101489095205378,0.177570421659444,0.302064211595948,0.0401073142266378,35,0.17454854849793,45,1.16102074059924,35.0,0.15635932136214,1,130.9,4.3,33.0,132.9,14.9300443146942,0,131.3401099
0.0,10.0,2.5,0.0,10.0,2.5,0.0,6.0,0.104068932248834,0.205840957268373,0.365052813368434,0.020415300230401,45,0.370393171158523,45,0.800438405974761,40.0,0.182820251132527,1,122.9,6.5,38.7,131.5,16.6576635975747,0,121.0
0.0,10.0,2.5,0.0,10.0,2.5,0.0,7.0,0.0927670955084598,0.327092121522002,0.521127421797377,0.0752818771913064,45,0.087071510263753,45,0.171355483994538,35.0,3.0139748086598,1,121.3,0.4,13.8,149.8,15.7598998428026,0,127.0
0.0,10.0,2.5,0.0,10.0,2.5,0.0,0.0,10.0,10.0,10.0,10.0,0,10.0,0,10.0,0.0,10.0,0,144.8,20.3,52.1,153.0,14.8097549217756,0,99.1998319
3.0,0.106141558371162,4.9,2036.0,0.576069784563233,4.4,439.0,21.0,0.0488800095802676,0.0644754237791581,0.236856541810715,0.310629048963528,40,0.58765133882426,45,0.685287665091069,15.0,0.434549769862701,1,152.1,0.0,0.1,162.0,17.6680899767947,1,101.0
0.0,10.0,2.5,0.0,10.0,2.5,0.0,10.0,0.291168434658687,0.78248995875413,0.895808131871755,0.0292378170395914,45,0.723932009676495,40,0.783410094328144,35.0,0.19769797893933,1,59.4,40.1,137.3,114.1,13.8216291638596,0,98.93305214
0.0,10.0,2.5,0.0,10.0,2.5,0.0,2.0,0.0770918715372914,0.18709784238461,10.0,0.0383580368094684,55,1.07100512226551,55,10.0,0.0,0.18689808807049,1,128.5,35.4,96.9,138.0,21.859746912194,0,179.5353779
3.0,0.0594571923213534,2.5,0.0,0.0723110221404706,2.5,0.0,9.0,0.130316228620587,0.207926451624165,0.419131979909436,0.0724386585704263,30,0.180680982354552,55,0.422139194331145,30.0,0.145850277172852,1,126.5,35.8,99.0,137.7,21.0856623250243,0,110.3276816
0.0,10.0,2.5,0.0,10.0,2.5,0.0,5.0,0.952226855938569,1.17765052902139,1.27119457894782,0.257069748793432,30,0.25760771411452,30,0.294148259458239,30.0,10.0,0,142.4,68.0,115.7,132.1,17.0514266786436,0,99.90894075
1.0,0.988920923845084,3.9,240.0,10.0,2.5,0.0,7.0,0.258347569292164,0.72809164447126,1.14592937335161,0.340965231058272,30,0.500281413826962,30,0.516355937815551,30.0,1.76766090477841,2,33.3,3.8,27.6,126.5,23.0129397409986,0,100.4325956
2.0,0.0690145130789311,4.4,155.0,0.750444421491686,3.9,393.0,33.0,0.0952764468651008,0.319931379942824,0.430071922921159,0.0355684414822574,55,0.157098115627527,35,0.182073339692711,35.0,0.239047184284029,1,121.6,4.0,37.0,139.9,14.2486699603264,0,126.3590462
2.0,0.0074659374901863,2.5,0.0,0.484632362900824,2.5,0.0,16.0,0.447508775532902,0.466166337272276,0.732469192597574,0.0202513145240509,45,0.0287749139713976,55,0.170209879451179,35.0,1.41545318256533,1,121.6,4.0,38.5,141.9,14.2486699603264,0,94.37127295
0.0,10.0,2.5,0.0,10.0,2.5,0.0,12.0,0.134514418090768,0.357791154097983,0.481904436745699,0.411385147272378,55,0.518207173170022,70,1.09112056246496,45.0,0.195443156296356,1,122.6,8.6,54.9,146.7,13.2860215584999,0,122.4038895
3.0,0.141469044410594,4.0,8.0,0.154147024966094,3.6,73.0,13.0,0.103796439758573,0.216090341016706,0.331154536618045,0.0638277381166235,35,0.216088469041155,35,0.36277853676049,35.0,0.364859151135571,1,50.7,28.1,116.0,132.5,19.0438330713377,1,126.7843094
1.0,0.137329424301713,4.9,761.0,10.0,2.5,0.0,16.0,0.150838942789407,0.178990020704552,0.478691124241516,0.0679189384328872,55,0.315334723081285,70,0.732498878407483,20.0,2.46952268461179,1,163.2,0.0,0.2,171.6,16.3076869526162,1,150.0
1.0,0.335535766036432,3.4,38.0,10.0,2.5,0.0,18.0,0.10702236414893,0.400754268919865,0.595537991629875,0.0331163753062857,40,0.102638013871153,30,0.178407968080353,30.0,1.57638796279697,1,82.4,15.7,77.3,111.2,22.8245225690546,0,178.8763748
1.0,0.0902303440760678,5.0,127.0,10.0,2.5,0.0,6.0,0.608675113943194,0.902433977241671,1.18633443225611,0.0408971993453557,45,0.880192242974877,30,0.965790328450574,35.0,0.165546862106119,1,161.2,0.0,0.1,167.1,16.5148988696759,1,115.0
1.0,0.0160452826351385,4.6,520.0,10.0,2.5,0.0,5.0,0.163502929744223,0.398066513030801,0.893610826809721,0.0412167125160359,60,1.32614870823473,55,1.99737875824666,45.0,2.51821190056383,1,160.8,0.0,0.2,169.5,17.0649643685905,0,115.0876617
1.0,0.444672704748619,4.1,78.0,10.0,2.5,0.0,22.0,0.275263458044566,0.315429427181345,0.415833062466091,0.026408426290031,35,0.178017619101036,25,0.19794458441515,25.0,3.01590821159058,1,132.8,29.3,88.6,141.7,18.1884257803728,0,96.69661491
0.0,10.0,2.5,0.0,10.0,2.5,0.0,3.0,0.13497278834056,1.38439729136845,1.64048986372491,0.0530285760997936,55,1.14198884895484,35,10.0,0.0,0.150063839202429,1,146.8,0.2,3.1,166.6,18.9740449883973,1,97.88811621
1.0,0.160037280864418,3.9,70.0,10.0,2.5,0.0,22.0,0.118014055667248,0.118268184191971,0.332878613003209,0.11826715964278,35,0.79591856564637,15,0.957243159400598,35.0,1.1044548576255,1,41.3,0.3,0.0,177.6,19.9126097761809,0,88.64596681
3.0,0.106403674950313,3.9,322.0,0.165933455368645,1.0,1.0,12.0,0.10319132152964,0.2278646124677,0.351783266954627,0.0358770352839146,40,0.103190427590556,35,0.223869446011756,70.0,0.214138914671947,1,131.7,55.9,114.4,132.8,18.8907433191107,0,122.5704849
0.0,10.0,2.5,0.0,10.0,2.5,0.0,7.0,0.0377883322854841,0.349380494760107,0.890340105892172,0.0355570690945024,45,0.0377880049276394,45,0.71311181904952,15.0,1.18490334663044,1,150.9,0.0,1.8,179.8,18.2580256755745,0,120.5525816
1.0,0.0799894571950343,4.4,354.0,10.0,2.5,0.0,37.0,0.0322484760009743,0.207424804757819,0.213906461998468,0.0279487537202633,35,0.0729986723162364,20,0.126888357120362,20.0,0.596025234044078,1,158.5,24.8,76.9,158.5,17.0143725578262,1,118.9647519
0.0,10.0,2.5,0.0,10.0,2.5,0.0,26.0,0.0437494120878607,0.11309450461439,0.149949941473676,0.0772740737402337,60,0.229131434311332,35,0.680209959287655,25.0,0.4362994898892,1,120.0,6.0,45.8,137.4,14.125646455573,0,131.0814438
0.0,10.0,2.5,0.0,10.0,2.5,0.0,9.0,0.0495278467458085,0.208730809267003,0.380120976278182,0.0495274176893819,45,0.0495274176893819,45,0.444981335772511,45.0,0.318504977262458,2,149.8,0.0,0.7,173.6,16.2588859196048,1,158.0547443
6.0,0.299186742810737,1.0,2.0,0.458236165238312,4.4,944.0,30.0,0.181501220268322,0.281012837457123,0.339512035050667,0.0165607599662624,45,0.0834266945554834,15,0.181779033449034,30.0,0.33799748346921,2,124.0,1.3,18.9,146.4,18.8989346507972,0,123.1673433
2.0,0.56062227832677,3.7,24.0,0.567551344005202,2.8,43.0,25.0,0.302399023958804,0.35113419625651,0.592923818891641,0.238627108843547,50,0.616870592618379,35,0.743441469638961,45.0,0.505535416429252,1,142.3,0.0,2.1,170.9,21.0210212590763,1,124.0034213
3.0,0.884946027426042,4.1,29.0,0.971987251431173,2.5,0.0,18.0,0.0584113138021479,0.220734362952768,0.353701348290933,0.042423745775595,35,0.0860042291111122,35,0.204877266131155,30.0,0.135518402212598,1,119.1,0.2,10.3,153.4,17.9319626469047,0,128.4028396
0.0,10.0,2.5,0.0,10.0,2.5,0.0,9.0,0.161900722664888,0.338014306386927,0.507861622359684,0.0221263105790572,45,0.0852874275843152,45,0.161899320130213,35.0,4.50328647361386,1,122.5,0.4,18.7,152.8,15.5149443072086,1,123.590129
1.0,0.763000714980635,4.5,221.0,10.0,2.5,0.0,20.0,0.0410077103684147,0.480383141322449,0.55556246281492,0.0372113714240054,45,0.552203461159505,45,0.715573797809352,35.0,2.31259887688673,1,139.5,2.3,27.5,156.6,16.0949131671532,1,126.5905955
0.0,10.0,2.5,0.0,10.0,2.5,0.0,14.0,0.153938725710499,0.282085197816685,0.406426791605624,0.0264654395830401,45,0.117990920912402,70,0.163430089388125,25.0,3.91570016163398,1,126.4,0.6,11.9,150.2,14.1646799910173,0,130.3328939
2.0,0.224445895856868,2.5,0.0,0.252103958608136,3.5,2.0,15.0,0.151045952572014,0.455682459736507,0.591610327506408,0.0319500157524938,45,0.151044644071803,35,0.151044644071803,45.0,2.24633933444686,2,122.5,0.4,17.2,153.1,14.5067623325099,0,129.0
1.0,0.0984364556028751,4.5,133.0,10.0,2.5,0.0,14.0,0.287392216607325,0.333441725225963,0.734644612968367,0.035440766199156,25,0.035440766199156,25,0.0447001246211153,45.0,2.02346891906321,1,121.4,0.4,10.0,153.9,17.4636281158769,0,118.0
1.0,0.368641249549831,4.6,309.0,10.0,2.5,0.0,17.0,0.228552072963111,0.319046644075846,0.363279788941725,0.091606631811956,45,0.228550093032749,45,0.312572021570161,35.0,0.149247226687196,1,120.5,4.2,44.5,143.6,13.6847264016768,0,117.0754415
0.0,10.0,2.5,0.0,10.0,2.5,0.0,5.0,0.161628214067845,0.620540315384511,1.05474003415862,0.0733591415026616,55,0.186875743028379,30,1.64746048482598,30.0,4.630727697947,1,110.5,4.9,37.1,120.6,15.0900995583502,0,110.3716308
0.0,10.0,2.5,0.0,10.0,2.5,0.0,2.0,0.154041570619614,0.744247860227525,10.0,0.259608769870028,30,0.909845694212387,30,1.05446688739049,30.0,1.66195855617987,2,108.9,4.9,36.9,119.1,15.1551099633206,0,111.8927744
1.0,0.0038780463350933,4.2,10.0,10.0,2.5,0.0,4.0,0.28882372761879,0.416305027470341,0.701530108202372,0.345379139946478,70,0.443938652611034,45,0.537984625604167,45.0,10.0,0,134.0,2.1,23.4,150.9,14.5866001946253,1,130.9689996
1.0,0.637545931819046,4.4,93.0,10.0,2.5,0.0,24.0,0.207286071211006,0.305498176030181,0.465878338476929,0.0414872946845786,45,0.206519990954631,45,0.439414732042604,10.0,0.409579139040646,1,149.2,0.1,3.4,171.4,18.0843906729546,0,122.4545873
0.0,10.0,2.5,0.0,10.0,2.5,0.0,25.0,0.061550811581908,0.125830076506181,0.211927671039089,0.0595503639926479,40,0.439681386247082,40,0.487612608510762,35.0,1.57994691262351,2,138.9,3.0,29.1,155.7,15.6433135713751,1,117.6012808
1.0,0.982724923518437,4.8,143.0,10.0,2.5,0.0,22.0,0.0825096401808945,0.239206237424397,0.657013588783713,0.944966410096469,65,1.52721997641318,70,1.55998713858636,30.0,0.453411424776949,1,115.5,31.3,103.8,127.5,20.6097701923797,0,109.0882076
2.0,0.0066129074586161,5.0,1.0,0.225370933024029,3.9,9.0,18.0,0.130442214600646,0.210311483385255,0.327123793450664,0.557895622273486,35,0.665697667409298,65,0.983171073163881,35.0,0.928624612263678,1,57.3,35.8,110.4,133.6,26.0164185193502,0,139.0
0.0,10.0,2.5,0.0,10.0,2.5,0.0,17.0,0.286894517443152,0.44629834039859,0.727113054365551,0.0198723022280814,45,0.234030138677467,65,0.286892032095914,25.0,2.62183368829036,1,57.3,35.8,111.6,133.9,26.0164185193502,0,103.6379046
2.0,0.146821412796286,2.5,0.0,0.24437989196354,4.9,2509.0,13.0,0.0750329350651461,0.235089648080689,0.325820294571279,0.698765942564685,70,1.55164409860752,35,1.84188693290754,15.0,0.474751442555294,1,130.1,2.3,25.9,151.3,15.2610256007186,0,112.9377644
2.0,0.25719108991501,4.1,46.0,0.575676725964131,4.0,88.0,9.0,0.407375034451363,0.498730132164991,0.6529150611915,0.0389976264506248,55,0.173334857912725,25,0.377163589334441,25.0,0.992928461619408,1,129.6,10.7,50.9,134.5,18.4344666516955,0,115.0758298
0.0,10.0,2.5,0.0,10.0,2.5,0.0,4.0,0.0305762634508864,0.995467001300934,1.15663957881524,0.0272728651139111,55,10.0,0,10.0,0.0,0.205652584530125,1,122.6,0.2,6.0,154.0,14.6565083464331,1,122.7450497
0.0,10.0,2.5,0.0,10.0,2.5,0.0,11.0,0.197838583288388,0.57440154279114,0.72579023831906,0.0366540987495766,45,0.0737557472435613,45,0.161696740964159,45.0,3.19917496136448,2,161.2,0.1,5.7,168.5,15.7746952616214,1,142.6795517
2.0,0.0241156136644284,4.3,13.0,0.767632533650267,4.0,435.0,22.0,0.0418143424755562,0.277104200337525,0.320877847015971,0.0418139802409592,45,0.0418139802409592,30,0.0876434418782957,25.0,0.213400992274192,1,158.2,0.2,5.5,169.2,17.4317992364698,0,124.0
0.0,10.0,2.5,0.0,10.0,2.5,0.0,4.0,0.718630612599035,0.72904485021461,1.414390663621,0.0431912297458818,45,0.355587697914862,45,0.434979667429116,35.0,1.91489658017993,1,116.6,64.6,139.4,115.1,20.097813683659,0,134.0
1.0,0.601832812821087,4.8,161.0,10.0,2.5,0.0,3.0,0.0386690245430681,0.333052153462743,0.775539687381138,0.0386686895565831,45,0.775532968935531,40,10.0,0.0,10.0,0,119.6,5.5,38.8,125.2,14.3783921700726,1,102.832188
1.0,0.630569422546461,1.0,1.0,10.0,2.5,0.0,12.0,0.233333779574057,0.51125551722192,0.605617826271492,0.0376732500510623,50,0.0604260168098596,30,0.11837210408722,30.0,0.189398918601211,1,55.0,7.4,45.4,133.3,24.999585897148,0,145.6528129
0.0,10.0,2.5,0.0,10.0,2.5,0.0,11.0,0.246516557812512,0.395671418581399,0.421397606232705,0.0329508527033139,35,0.0482786268821491,70,0.0704231696716401,35.0,0.222333229402078,1,120.3,4.6,30.5,126.3,15.0299646680141,0,130.9862296
0.0,10.0,2.5,0.0,10.0,2.5,0.0,14.0,0.22611751676375,0.268613420860251,0.558295217182348,0.0295436760272521,45,0.392220144414957,45,0.951578983553712,25.0,4.18895073225358,1,118.3,11.9,62.0,143.5,14.6488660079347,0,126.3258082
1.0,0.446138796903038,4.6,951.0,10.0,2.5,0.0,17.0,0.109938147375466,0.168786935842639,0.172838444365368,0.107524793957388,45,1.00162100174037,60,1.79040957272442,35.0,0.317582522152803,1,139.2,1.0,13.4,160.5,17.4215251890112,1,141.7636833
0.0,10.0,2.5,0.0,10.0,2.5,0.0,5.0,0.0418088968015558,0.454271326544794,0.770460198352565,0.0216471390951436,35,0.0418085346142246,45,0.142861649628191,35.0,10.0,0,141.3,1.3,11.8,160.8,17.4226293135714,0,122.1005858
0.0,10.0,2.5,0.0,10.0,2.5,0.0,33.0,0.0584532057674754,0.111297710182826,0.254153502775853,0.0340582615652242,40,0.0584526993916523,40,0.0,0.484560632555937,3.2119227583095,1,131.4,14.9,30.7,125.4,16.0058778351673,0,102.805509
2.0,0.408943825167329,4.6,768.0,0.797028456646041,2.5,0.0,4.0,0.203340271232878,0.302531819045997,0.386975282206306,0.1919136024885,70,10.0,0,10.0,0.0,0.199291307382301,1,129.2,3.9,30.8,133.7,14.9466992289842,0,135.0
3.0,0.848195655020833,2.8,4.0,0.868233377498517,2.8,25.0,32.0,0.0786206719064697,0.244684368155523,0.353867124035439,0.0314233389348985,45,0.0561917992990913,35,0.0786199908213937,45.0,1.9096470918026,2,125.6,10.2,61.9,171.3,15.6914822965791,1,102.0989299
2.0,0.0041068050325513,4.8,465.0,0.366422055888206,4.7,168.0,22.0,0.11634534788684,0.213146280520811,0.41406963240828,0.0365460435410513,45,0.212102928244697,35,0.213144434049554,45.0,3.68518591467655,2,120.0,3.8,35.2,140.2,15.7429853282431,0,85.92890965
0.0,10.0,2.5,0.0,10.0,2.5,0.0,46.0,0.227803848956987,0.243838834876712,0.511179818291992,0.0176896806406048,45,0.538022704386718,35,0.543145065239773,40.0,3.88429453476803,2,121.7,3.6,35.8,141.8,15.55512732989,0,106.0683685
2.0,0.115616346085657,3.4,71.0,0.567315079846012,4.3,456.0,41.0,0.0485575618634474,0.160538492779053,0.171971469670496,0.0245129303641362,35,0.065312004774263,45,0.157230390866499,25.0,0.555665125558044,1,117.9,5.2,40.8,138.7,14.6540795718242,0,135.3152946
0.0,10.0,2.5,0.0,10.0,2.5,0.0,11.0,0.161488052690337,0.322816304601549,0.581067837795955,0.0513546170867827,50,0.183413822114935,70,1.53764339593456,40.0,0.797076553239557,1,130.2,52.5,115.7,133.8,18.7436880754548,1,122.9791527
2.0,0.443297660245961,3.8,19.0,0.975557254345979,4.7,1378.0,31.0,0.0890005793853548,0.185327158330339,0.198450305907955,0.132242832591145,75,10.0,0,10.0,0.0,0.394601778943526,1,133.2,1.2,7.0,150.4,16.5767337375552,0,148.2176997
1.0,0.834284619280611,4.5,51.0,10.0,2.5,0.0,29.0,0.0834970450158406,0.0956530285954388,0.158270866389094,0.0618641272515193,35,0.0927519244640922,65,0.0955761420280621,45.0,0.821181797174481,1,124.2,30.9,104.0,125.1,15.8386385208474,1,76.88527922
0.0,10.0,2.5,0.0,10.0,2.5,0.0,6.0,0.353446832841106,0.726569872295645,1.24291922155219,0.0384241481425715,45,1.23912889265771,45,10.0,0.0,10.0,0,152.5,0.0,0.2,163.8,18.3085746687626,1,104.9172016
0.0,10.0,2.5,0.0,10.0,2.5,0.0,6.0,0.706321907049135,1.04206784866657,1.06662196949188,0.0679598849325162,45,0.974042720267764,25,0.978054239777596,35.0,2.34905743743333,1,132.3,35.7,97.4,139.8,21.8462448536567,0,120.0
0.0,10.0,2.5,0.0,10.0,2.5,0.0,13.0,0.164246305084024,0.236700508824329,0.493703351714952,0.033497669615064,35,0.462818640323751,25,0.672850617579165,25.0,0.502032135712164,1,33.0,3.1,7.9,111.6,20.2932351223894,1,120.1677701
0.0,10.0,2.5,0.0,10.0,2.5,0.0,0.0,10.0,10.0,10.0,10.0,0,10.0,0,10.0,0.0,1.74958698735663,2,166.7,0.6,3.3,158.5,20.0909745489932,0,148.8591492
0.0,10.0,2.5,0.0,10.0,2.5,0.0,0.0,10.0,10.0,10.0,10.0,0,10.0,0,10.0,0.0,4.32409462452878,2,165.5,0.5,3.5,158.1,19.7970163934426,1,144.1095129
0.0,10.0,2.5,0.0,10.0,2.5,0.0,12.0,0.0399717762143748,0.336845861305221,0.409502629796244,0.0544646314192426,50,0.409499082304036,50,0.6024138418923,30.0,0.243256711961373,1,159.7,0.0,0.4,172.2,16.3463219552362,1,149.8191491
1.0,0.312799001589734,4.0,70.0,10.0,2.5,0.0,11.0,0.159781257799049,0.311443754722584,0.338157864624153,0.0656660812303759,45,0.523679714146543,55,0.535903628063606,55.0,1.5934676328011,1,133.9,9.4,50.7,179.8,12.9609879481997,0,128.5411086
0.0,10.0,2.5,0.0,10.0,2.5,0.0,4.0,0.963004855025778,1.27009602341527,1.39904311132264,0.0703196702632079,35,0.222585105958807,35,0.421544283265534,45.0,1.14000869618726,1,35.1,5.4,24.8,124.3,28.0563139456546,1,118.4294127
0.0,10.0,2.5,0.0,10.0,2.5,0.0,0.0,10.0,10.0,10.0,10.0,0,10.0,0,10.0,0.0,10.0,0,131.1,44.7,105.5,137.4,22.0284782543604,1,106.8440105
0.0,10.0,2.5,0.0,10.0,2.5,0.0,22.0,0.154420266092863,0.73865207419499,0.950068263689265,0.0249123295986274,45,0.11686924570261,55,0.130724007055683,35.0,2.7124955269939,1,128.1,26.7,97.1,129.8,17.356049854031,0,134.0
0.0,10.0,2.5,0.0,10.0,2.5,0.0,18.0,0.0561595821206254,0.236692123524672,0.298502530638035,0.0297225242885483,45,0.228270667468533,45,0.296352039312068,35.0,10.0,0,129.9,17.1,62.2,130.1,15.6744870125009,0,130.520032
1.0,0.38057118229007,4.7,180.0,10.0,2.5,0.0,20.0,0.0605051962129437,0.289243021737182,0.420594367877555,1.08093037939026,15,10.0,0,10.0,0.0,0.177275318797522,1,136.6,19.5,69.7,145.3,15.0718935549068,0,133.5635359
3.0,0.355549087053591,4.9,240.0,0.440402112893462,4.5,85.0,38.0,0.12198151050818,0.214216351099692,0.230218433468125,0.0716251176049344,45,0.196730459120591,45,0.218851451385284,55.0,2.470779982807,2,142.3,2.7,28.4,157.4,16.1565684557227,0,150.6546705
0.0,10.0,2.5,0.0,10.0,2.5,0.0,0.0,10.0,10.0,10.0,10.0,0,10.0,0,10.0,0.0,0.204612459819899,1,139.2,1.7,12.8,157.8,19.7974207650273,0,183.6205315
0.0,10.0,2.5,0.0,10.0,2.5,0.0,33.0,0.0625856846119569,0.0991872841382817,0.224296993783387,0.0668261583496001,20,0.173796226755907,30,0.307578242031454,15.0,2.275472326261,1,121.0,37.2,108.6,119.6,17.2622159592784,1,140.587621
0.0,10.0,2.5,0.0,10.0,2.5,0.0,33.0,0.0637954009079881,0.0998846314983109,0.224250641870043,0.0668316842134977,20,0.176725080364878,30,0.30462903800329,15.0,2.275472326261,1,121.0,37.2,108.6,119.6,17.2622159592784,1,140.587621
0.0,10.0,2.5,0.0,10.0,2.5,0.0,21.0,0.129967760488992,0.29504194848619,0.447168448646922,0.039565023173558,45,0.0635030311678448,25,0.177919553447912,35.0,2.34387205661551,1,133.6,18.6,69.2,143.6,15.6594544501834,0,110.8263952
1.0,0.251751163613203,2.3,3.0,10.0,2.5,0.0,3.0,0.208143027334267,0.248074833671205,1.91605741978707,0.208141224205978,55,1.95018311671142,15,1.95457622865056,15.0,0.400408863941906,1,132.9,4.5,36.6,145.1,13.4807549217756,0,106.6598436
1.0,0.180471285530929,2.3,3.0,10.0,2.5,0.0,4.0,0.127416778230499,0.164248594435276,0.742573069758578,0.0212302515670855,45,0.0283921955052762,25,0.124356039669715,55.0,10.0,0,117.4,5.7,32.3,138.4,14.6190788232652,1,117.9086792
1.0,0.4346968846205,3.9,147.0,10.0,2.5,0.0,15.0,0.0520600459492354,0.0896280223823754,0.119999780910027,0.0253069635227475,25,0.412008122628914,25,1.03339653755359,75.0,2.00520298402632,1,138.9,82.8,141.6,124.9,19.4691566734037,0,115.7682973
0.0,10.0,2.5,0.0,10.0,2.5,0.0,6.0,0.18274347692854,0.342538994598218,1.07057692590964,0.0423546973961778,40,1.19672744548213,75,1.27560330111909,35.0,0.151588475967493,1,73.1,33.4,126.5,138.5,19.5882422337001,0,125.0206812
1.0,0.211032354215976,1.0,1.0,10.0,2.5,0.0,12.0,0.0491498438463492,0.185960467028418,0.294431277985615,0.0371379228028481,50,0.185958856066212,45,0.381184373361138,45.0,0.187999250908246,1,86.7,29.8,116.8,118.4,22.6353791451456,1,124.1038207
1.0,0.181897826169544,4.2,159.0,10.0,2.5,0.0,1.0,1.96637805651309,10.0,10.0,0.572311057821666,30,0.578476913099506,30,0.607702757383207,30.0,0.208622189671372,1,99.3,0.8,3.6,135.0,20.2631489632458,0,137.5919825
4.0,0.0052722051155579,5.0,2.0,0.288544829432793,3.8,10.0,49.0,0.0467670298817391,0.144211095990405,0.151569242497248,0.0467666247422956,35,0.0881579693064864,25,0.110720490266943,25.0,3.34748398368784,1,122.5,24.7,86.4,131.0,15.5215123137959,0,116.4233396
0.0,10.0,2.5,0.0,10.0,2.5,0.0,16.0,0.0289648974101527,0.126630653670484,0.331283031238204,0.139094768145558,40,0.207568493428417,15,1.07373679373446,20.0,1.81327924826232,1,48.4,16.0,76.5,113.7,20.228080544951,1,145.5836899
0.0,10.0,2.5,0.0,10.0,2.5,0.0,24.0,0.0924236896134249,0.182107649934687,0.268643066444826,0.0322043037349688,30,0.102475409920442,30,0.187163603009404,50.0,10.0,0,123.6,36.7,111.3,119.5,16.9524815480201,0,149.0
1.0,0.0108059662824503,2.5,0.0,10.0,2.5,0.0,17.0,0.0279576514876896,0.22337752796679,0.534277226460029,0.0279574092926305,40,0.196512783481507,25,0.22337559286305,45.0,1.8002778437208,3,133.8,3.8,36.3,144.2,15.3433515233176,1,103.0
0.0,10.0,2.5,0.0,10.0,2.5,0.0,37.0,0.064988120567465,0.165384916280369,0.194496235258607,0.256641978323427,30,0.959271400857306,10,1.87485942821535,55.0,3.31954350433828,1,76.2,55.9,160.9,113.8,23.3674788532076,0,150.0
2.0,0.125328217588606,4.8,305.0,0.128599137461015,2.5,0.0,8.0,0.143120028216075,0.196309084009737,0.447556459217002,0.0431424330597552,50,0.134386262780575,30,0.175622954092303,30.0,0.334848753616688,1,145.9,0.0,1.3,169.7,15.8201232128153,0,118.9605867
1.0,0.707247377891637,4.0,73.0,10.0,2.5,0.0,15.0,0.0595639036009249,0.132730890111755,0.255126975907535,0.930620384337675,65,10.0,0,10.0,0.0,0.434256444870492,1,104.1,35.8,118.6,131.6,22.4634983905981,0,210.0
0.0,10.0,2.5,0.0,10.0,2.5,0.0,0.0,10.0,10.0,10.0,10.0,0,10.0,0,10.0,0.0,0.405601570082285,1,117.2,0.8,15.7,143.7,16.5832206752002,0,119.2697777
0.0,10.0,2.5,0.0,10.0,2.5,0.0,4.0,0.157303232337417,0.760717302145402,1.13603830842693,0.337398735469233,25,0.376719418424609,25,0.393037288433545,25.0,0.0938060142796895,1,114.5,0.4,12.8,149.8,17.1878308256606,0,130.0605235
0.0,10.0,2.5,0.0,10.0,2.5,0.0,5.0,0.55362771537618,0.879999829684278,0.977806139359961,0.359102654209357,25,0.411572845361347,25,0.532730675587874,25.0,0.126671668198624,1,118.5,0.4,11.3,152.6,16.5884940489558,1,122.978449
0.0,10.0,2.5,0.0,10.0,2.5,0.0,8.0,0.0705734629896752,0.146439593936329,0.199922015851558,0.0705728516169226,25,0.122552510983813,65,0.775257328297133,25.0,3.13067375621907,1,54.5,16.3,64.4,128.3,18.7768047758066,0,68.9112109
0.0,10.0,2.5,0.0,10.0,2.5,0.0,14.0,0.0933784898325482,0.469716945137799,0.73900285121456,0.0796999579715414,70,1.10108835773823,15,1.28132149999421,35.0,0.311908112419188,1,128.3,20.8,83.8,160.5,16.0414180702148,0,133.0
0.0,10.0,2.5,0.0,10.0,2.5,0.0,16.0,0.0451545727579065,0.21097041548319,0.215334312863828,0.044953961332181,45,0.0451541815872103,25,0.221496389253639,35.0,0.397699622018198,1,135.4,8.2,55.4,172.8,16.3617572423086,0,116.6592505
2.0,0.753623887101345,3.7,3.0,0.934179353056605,3.7,242.0,52.0,0.0693872884128741,0.615439734453452,0.652018343650608,0.0382828098988631,35,0.0382828098988631,35,0.0677171823281141,45.0,3.46652331676335,1,135.4,8.2,55.1,172.8,16.3617572423086,0,110.0
1.0,0.417427409010463,4.3,245.0,10.0,2.5,0.0,1.0,0.716565847472725,10.0,10.0,0.0343944581362056,45,0.257062738677265,45,0.312637329143792,25.0,2.65198242315659,1,144.5,11.2,44.7,173.5,15.1967365820795,0,115.3196891
2.0,0.380480019495274,4.0,658.0,0.511028135422659,4.5,10.0,18.0,0.0926628614385024,0.322524317776638,0.355023719345144,0.0386763379201192,35,0.0926620587065256,30,0.153512686927745,35.0,1.74859741817999,2,138.8,3.0,26.7,152.3,14.7660942435811,0,110.0
0.0,10.0,2.5,0.0,10.0,2.5,0.0,16.0,0.163205301453245,0.273470730029298,0.645692158426424,0.0160682396659418,45,0.64707897305389,35,0.87693875472929,45.0,1.85030628577538,1,166.6,0.0,0.4,178.3,15.3313848341942,0,101.6267857
0.0,10.0,2.5,0.0,10.0,2.5,0.0,32.0,0.071357047620597,0.145113224920055,0.384096465963953,0.040244072334953,35,0.0496348190090786,35,0.0529563485197714,35.0,1.28630170077275,1,150.5,0.0,0.4,171.2,17.4723099034359,0,113.7116774
1.0,0.860775333379596,4.1,157.0,10.0,2.5,0.0,8.0,0.0399753845793634,0.245489640791048,0.419565793223151,0.0284888723411969,45,0.0399750382758986,45,0.419562158554637,45.0,1.80096435809776,1,134.7,1.9,25.6,152.6,15.6582125907628,1,119.0
3.0,0.101575213537291,4.3,128.0,0.323783754649244,4.8,57.0,15.0,0.0328647974445585,0.235457788088192,0.291405193206018,0.0210134197545206,45,0.767233347025577,25,1.04297044019682,15.0,0.339361395444174,4,148.2,0.0,2.1,172.4,16.9967091848192,1,118.0
0.0,10.0,2.5,0.0,10.0,2.5,0.0,8.0,0.0694971111179665,0.311330775148936,0.555334544057768,0.0378479930297566,45,0.0855085784914198,45,0.262548950551633,30.0,0.426670576536776,2,151.1,0.0,1.4,172.0,16.607707088854,0,115.7448154
0.0,10.0,2.5,0.0,10.0,2.5,0.0,7.0,0.060285583225414,0.298485661131151,0.501520821707041,0.0338786154358379,55,0.501502948070986,55,0.519544656807209,30.0,4.16156691165609,2,136.4,1.6,26.0,156.6,16.1414059435587,0,116.0
0.0,10.0,2.5,0.0,10.0,2.5,0.0,8.0,0.120966954647253,0.326947317316169,0.359820951409469,0.80569945620889,35,0.880124332506367,55,1.13910858000543,45.0,1.54976344827613,1,116.2,50.6,128.2,129.2,19.2280994086384,0,99.0
0.0,10.0,2.5,0.0,10.0,2.5,0.0,0.0,10.0,10.0,10.0,10.0,0,10.0,0,10.0,0.0,0.183326432011477,1,129.5,2.4,27.9,147.7,14.0474099109215,1,61.49882405
2.0,0.377649508015356,4.2,339.0,0.926586907358292,3.0,2.0,14.0,0.106391214497848,0.486704656824671,0.597533984779931,0.0975933227922468,35,10.0,0,10.0,0.0,0.499338016738009,1,128.3,34.2,96.1,139.1,21.3269773935175,1,145.0
3.0,0.351361606662514,3.9,215.0,0.650219929130373,3.9,144.0,25.0,0.0740700784375184,0.206936090987007,0.272662762396697,0.0238415277423963,35,0.265433248506551,35,0.480355463155084,35.0,0.815675953866599,1,126.4,3.6,27.5,146.1,17.0300119020885,0,87.46330744
0.0,10.0,2.5,0.0,10.0,2.5,0.0,30.0,0.0744625578525964,0.176767152346754,0.209671648366942,0.0744619127885648,55,0.16554028816953,35,0.218924673901047,20.0,2.06231510091684,2,127.8,4.6,29.2,144.4,15.4567087356838,0,117.3892468
0.0,10.0,2.5,0.0,10.0,2.5,0.0,25.0,0.224581909047624,0.451641822734253,0.663654460745642,0.517962168431599,30,0.637264264949315,65,0.733830752207869,30.0,1.65870560165197,2,146.9,9.4,42.5,134.6,14.4196285650124,0,91.55879499
0.0,10.0,2.5,0.0,10.0,2.5,0.0,9.0,0.210659585868096,0.235511874789797,0.266783723251815,0.0755393074887489,65,0.586091337928137,15,0.614675182100538,35.0,0.716198702902921,1,42.7,1.3,5.1,140.9,20.9897111310727,1,119.3390395
0.0,10.0,2.5,0.0,10.0,2.5,0.0,13.0,0.0400058101289592,0.159004422778891,0.439941613914237,0.0306141846958495,45,0.166646108644925,35,0.481223316902147,45.0,0.148455895315433,1,146.8,0.0,1.3,171.9,15.2014397784265,1,123.1243108
5.0,0.370968409134319,3.7,81.0,0.60556570883531,3.4,10.0,59.0,0.0704260733860658,0.251006978750844,0.471217977832786,0.051822208549016,25,0.0529000266460868,45,0.4624583163981,35.0,1.75103272902242,4,78.9,48.0,153.1,124.1,18.4316247473613,0,154.0
0.0,10.0,2.5,0.0,10.0,2.5,0.0,10.0,0.188464694795794,0.25693944853711,0.371665573515346,0.23716494237702,55,0.39199606451945,40,0.479804672611256,35.0,0.344998454656048,2,139.7,0.1,6.0,167.0,16.352365820795,0,140.0
1.0,0.889977120842434,3.5,52.0,10.0,2.5,0.0,6.0,0.0335148965496435,0.30808065392764,0.623638902080749,0.023116706530048,45,0.195273008475391,50,1.38274511917049,45.0,1.32079032428821,1,119.1,13.8,58.7,123.9,17.2532406617262,0,135.0
1.0,0.712029844691448,4.9,238.0,10.0,2.5,0.0,47.0,0.150606961262294,0.217471626047786,0.345289348351481,0.245396731362003,30,0.403398655190666,65,1.87686173440729,45.0,1.00718452714326,2,121.8,13.7,58.5,131.2,16.7317186166629,1,134.0
1.0,0.0965128730179209,2.5,0.0,10.0,2.5,0.0,17.0,0.0360967395833806,0.399324339744725,0.649885590230292,0.0272849427308047,45,0.82972635842259,40,1.24823190249157,25.0,1.80432836025188,1,166.6,0.0,0.4,178.3,15.3313848341942,1,96.02055718
2.0,0.932082239508056,4.1,71.0,0.939750718942675,1.5,2.0,8.0,0.0624396681348432,0.467105047567455,0.92340795274006,0.782752277716825,5,10.0,0,10.0,0.0,0.189631641637664,1,105.4,29.1,102.0,118.4,21.3276152406617,0,99.04540443
0.0,10.0,2.5,0.0,10.0,2.5,0.0,18.0,0.116336472451044,0.175277923226518,0.254750520413827,0.113265854175692,35,0.994439369207339,15,1.17392990752429,35.0,1.75779564994058,1,64.0,0.9,6.4,117.9,15.5432064525788,0,93.34440235
1.0,0.54550871721469,4.1,395.0,10.0,2.5,0.0,24.0,0.107994976338461,0.123016056455447,0.235071616217906,0.0424574644389538,40,0.0893040839701022,45,0.757992607693751,25.0,0.246828675935608,1,150.5,0.0,0.7,179.1,14.5310410210345,1,119.6370658
0.0,10.0,2.5,0.0,10.0,2.5,0.0,7.0,0.119037028640982,0.171886016540551,0.217033963297436,0.0831337749135628,50,0.185600129703535,70,1.79133326088997,30.0,10.0,0,154.8,0.0,0.3,189.4,18.4497625570776,0,123.6718828
1.0,0.66199841718912,3.9,161.0,10.0,2.5,0.0,30.0,0.0400768108730371,0.355367602013238,0.415323113041485,1.47948420647225,35,1.61375908796706,35,1.69850127938104,35.0,1.85782089895866,2,118.7,2.9,24.7,141.6,15.1833479302343,1,154.7309862
3.0,0.0133103428152647,2.5,0.0,0.13577971434634,4.4,62.0,16.0,0.129530448175096,0.231530193532049,0.286162290420188,0.0387326882854639,45,0.133468397467261,45,0.186709740374733,45.0,0.719629870684187,1,123.0,3.0,37.9,143.3,15.136974698705,0,138.3447769
0.0,10.0,2.5,0.0,10.0,2.5,0.0,32.0,0.128914998876446,0.455858182976129,0.486643479223103,0.0334206692611626,45,0.451819119604263,45,0.606679277713503,45.0,1.41606916757979,2,138.9,2.6,30.4,160.2,16.3852211243357,0,110.2484052
0.0,10.0,2.5,0.0,10.0,2.5,0.0,0.0,10.0,10.0,10.0,10.0,0,10.0,0,10.0,0.0,0.369709393926459,3,160.6,0.0,0.3,170.8,17.3638279811363,1,102.9274251
0.0,10.0,2.5,0.0,10.0,2.5,0.0,10.0,1.64056502869938,1.73056221865998,1.74861386589828,1.32037485477634,70,1.75673401218973,35,1.82782438464378,35.0,0.178822635059686,1,129.2,0.9,18.2,155.5,14.8956906954113,0,81.65709311
0.0,10.0,2.5,0.0,10.0,2.5,0.0,5.0,0.345568923469515,0.720560557817193,1.23160344490356,0.0315401200777915,45,0.045335371559626,30,0.0459286803313983,25.0,0.172475394012768,1,170.4,0.0,0.0,182.1,19.1069170596602,0,85.1639142
0.0,10.0,2.5,0.0,10.0,2.5,0.0,0.0,10.0,10.0,10.0,10.0,0,10.0,0,10.0,0.0,2.22086675184497,1,128.9,6.0,38.4,132.0,15.7845677071637,1,118.1552685
0.0,10.0,2.5,0.0,10.0,2.5,0.0,0.0,10.0,10.0,10.0,10.0,0,10.0,0,10.0,0.0,0.444597820273669,1,123.3,7.8,41.6,125.8,16.2671535294558,0,118.3131538
0.0,10.0,2.5,0.0,10.0,2.5,0.0,9.0,0.0840514694087167,0.782182937157907,0.795721752478411,0.0447961271228073,55,0.739519260675172,15,0.939919836543265,55.0,0.280838184961452,1,122.7,0.4,14.1,150.4,15.0103365521371,0,119.8707912
1.0,0.482715797804337,4.7,10.0,10.0,2.5,0.0,2.0,0.51277479647473,0.968723618818768,10.0,0.0450155000227685,55,0.315292935471276,55,1.10952583378858,35.0,3.57648983093198,1,125.4,3.5,26.8,146.2,17.2897234074407,0,103.2078451
1.0,0.0012022795315952,3.9,155.0,10.0,2.5,0.0,10.0,0.0366386389412396,0.119945960192343,0.203943507051103,0.0199981165104558,30,0.136192944615172,35,0.138982034851179,15.0,10.0,0,120.2,36.0,111.1,119.4,17.2034887341867,0,116.3674433
0.0,10.0,2.5,0.0,10.0,2.5,0.0,22.0,0.0497614775874882,0.551146136863754,1.0443328606694,0.0497610465075861,50,0.920150938542392,40,0.980058270035863,25.0,1.71191836155448,1,153.9,0.0,0.4,188.3,17.9061048731192,0,147.9974683
0.0,10.0,2.5,0.0,10.0,2.5,0.0,26.0,0.0589600069420076,0.154230584669077,0.398831721687143,0.028462407556023,30,0.0521946208579753,30,0.154229248580278,25.0,0.917159727676142,1,76.6,45.0,152.3,115.6,22.7317037203384,0,121.2798595
1.0,0.506079510299702,4.1,627.0,10.0,2.5,0.0,17.0,0.116349229854309,0.488292986978417,0.500930082193794,0.0563915387052276,50,0.168363644251056,25,0.277681383935786,25.0,0.786921973027681,1,136.6,0.1,7.2,163.9,15.1186938393592,0,106.2802408
0.0,10.0,2.5,0.0,10.0,2.5,0.0,7.0,0.269404359921847,1.00871018935911,1.47588457765751,0.193853156598859,30,0.212138995287439,30,0.40903929952438,30.0,1.1197283456211,1,115.9,1.8,14.2,136.7,17.2607079122689,0,116.9618175
0.0,10.0,2.5,0.0,10.0,2.5,0.0,16.0,0.0904248166729243,0.281363317873916,0.453604814066638,0.0722130664690074,35,0.29586856005663,45,0.367785990011313,70.0,1.36169108567712,1,130.5,17.0,67.4,136.9,15.8835331985927,1,108.8471519
1.0,0.981742213115141,5.0,1.0,10.0,2.5,0.0,28.0,0.289286257291675,0.29186002190871,0.515218490493615,0.783695768360325,65,1.67615398626639,35,1.68506616028419,35.0,1.67606168148693,1,56.6,32.5,111.4,111.8,22.3900923721836,1,123.1395755
0.0,10.0,2.5,0.0,10.0,2.5,0.0,20.0,0.359411141717871,0.470010513059598,0.779109939043654,0.0720881305892677,70,10.0,0,10.0,0.0,1.49838528080089,1,142.8,0.7,12.7,158.3,14.4494998128602,0,135.0112088
0.0,10.0,2.5,0.0,10.0,2.5,0.0,23.0,0.0622537096241065,0.254197605108983,0.813801317495074,0.848408982716115,40,1.02750120860337,30,1.96306018491347,25.0,3.05466169787159,2,132.9,10.3,45.7,149.8,13.1239703570627,1,128.6253502
1.0,0.970061738406087,4.1,70.0,10.0,2.5,0.0,21.0,0.0609771458902747,0.138450633837021,0.197935967919573,0.19143394981591,35,0.254894364528198,35,0.388355054174721,25.0,0.45763258374177,1,121.5,35.2,103.9,121.1,19.600864286249,1,111.6882697
0.0,10.0,2.5,0.0,10.0,2.5,0.0,28.0,0.176911225266786,0.317235393349761,0.525367221956601,0.0267379513042813,40,0.127794781199687,40,0.206589309533362,40.0,0.365003425691578,1,132.7,48.8,117.9,128.7,16.5489519425107,0,121.1673671
0.0,10.0,2.5,0.0,10.0,2.5,0.0,12.0,0.121306162341452,0.239157158689313,0.415594244355666,0.12362331392313,55,0.415590644092278,35,0.415590644092278,35.0,0.162761902103039,1,137.4,4.2,32.1,151.4,14.9254730144472,0,122.7306449
2.0,0.262874366466323,4.6,349.0,0.767316706107142,4.3,83.0,13.0,0.0879083254760395,0.224684730898221,0.315849761300273,0.0841471461713086,50,0.331529168712827,25,0.678120216521557,25.0,0.172021845861029,1,134.4,3.7,33.6,140.1,14.4292232951568,0,123.3684831
0.0,10.0,2.5,0.0,10.0,2.5,0.0,0.0,10.0,10.0,10.0,10.0,0,10.0,0,10.0,0.0,0.481412034804977,2,160.5,0.3,2.0,160.5,19.3021577962422,0,102.1694619
0.0,10.0,2.5,0.0,10.0,2.5,0.0,10.0,0.163499957188153,0.428097969058717,0.56449854015716,0.0504096180386301,45,0.163498540799276,45,0.163498540799276,30.0,0.369826398603981,1,165.6,0.0,0.2,169.5,15.9341598922075,0,132.1139843
2.0,0.625381345194441,4.9,579.0,0.805697259785198,4.4,1615.0,11.0,0.0696377538789731,0.187041628013531,0.399215196666268,0.185462916354129,55,1.11199420336059,30,1.17033867760126,45.0,0.330144083590045,1,156.0,0.0,0.8,174.9,16.1287640541957,0,127.8649058
0.0,10.0,2.5,0.0,10.0,2.5,0.0,11.0,0.238310022086659,0.399323439039125,0.600957004092446,0.0478450542853123,45,0.109689347916555,45,0.562364422735159,30.0,0.163068458403126,1,165.5,0.0,0.8,173.6,16.1042529380942,0,129.9166086
0.0,10.0,2.5,0.0,10.0,2.5,0.0,10.0,0.0538582557199925,0.726524251988522,0.825433587595778,0.0461988576916888,45,0.0538577891494443,50,0.479182999885459,25.0,4.36663298996519,3,45.8,19.2,82.5,114.0,22.4115508645857,1,155.3442419
4.0,0.0046516361349606,3.0,9.0,0.0054187116056185,4.2,92.0,18.0,0.0324083149455112,0.0765268526291035,0.180243541823749,0.0765261896819369,35,0.141857992694054,55,0.158487978131701,35.0,4.29883273138534,1,123.0,4.1,37.0,142.1,14.3778513361779,1,92.35939373
0.0,10.0,2.5,0.0,10.0,2.5,0.0,42.0,0.243846100814904,0.282581968191521,0.356315116822888,0.0505030166990079,45,0.0734003742686145,35,0.248618949811238,35.0,2.89609337405189,1,120.5,5.4,34.7,138.1,15.6145638146568,1,130.9167309
0.0,10.0,2.5,0.0,10.0,2.5,0.0,41.0,0.0998296923570732,0.123821251881147,0.322839001714439,0.016149956715653,50,0.218341301449109,25,0.299257748508806,60.0,0.674258967424729,2,121.9,3.9,35.6,136.9,14.6090695411333,0,137.028751
0.0,10.0,2.5,0.0,10.0,2.5,0.0,20.0,0.0878860456683597,0.132214178078358,0.315399799251802,0.019459501141071,45,0.0301915970137555,45,0.0417071725703452,25.0,1.65053681923681,2,122.2,5.2,27.9,140.2,15.264769967812,0,121.0631855
2.0,0.54762828303041,2.5,0.0,0.794698452018428,3.9,28.0,14.0,0.035135551716673,0.207695251476337,0.238412984233911,0.0191729835358094,45,0.238410918878802,25,0.63214011191947,25.0,0.983929264225134,1,126.0,4.0,29.6,144.7,16.9870050153455,1,115.5564171
0.0,10.0,2.5,0.0,10.0,2.5,0.0,3.0,1.22946033240914,1.32623057359664,1.86414457250079,0.959888437812831,40,1.20565281536561,15,1.30146655982087,25.0,1.82216916546534,1,124.2,52.9,115.3,131.0,18.5892692566809,1,102.1477075
0.0,10.0,2.5,0.0,10.0,2.5,0.0,6.0,0.191496732340421,0.60991383498895,0.859769940003524,0.0394413220873554,45,0.277247850018132,5,0.609908551348791,45.0,10.0,0,128.8,55.6,112.6,131.4,18.1338307508047,0,107.9856597
1.0,0.371664868417996,4.4,432.0,10.0,2.5,0.0,33.0,0.0865304341624977,0.115840683842091,0.532718830078605,0.0209768005678053,45,0.12784743536737,35,0.532714215172914,35.0,2.27545073090275,2,110.9,9.7,64.9,135.4,14.8081455947301,0,131.6408114
1.0,0.249188755086856,3.8,26.0,10.0,2.5,0.0,10.0,0.193761120632245,0.321905840091899,0.443354698644981,0.394488031582034,70,0.42947379645778,55,0.716132007818587,35.0,0.658838133907609,1,117.1,43.3,116.9,129.1,18.9137748334456,0,126.4744042
1.0,0.245470400183808,4.5,204.0,10.0,2.5,0.0,13.0,0.274847281910847,0.522319661412924,0.54593432020433,0.189111182022564,70,0.274844900928557,40,0.276467042280415,30.0,1.52577590773851,3,118.5,44.5,117.8,127.2,20.0182628939292,1,122.7132037
0.0,10.0,2.5,0.0,10.0,2.5,0.0,3.0,0.0456246357399355,1.50577544252786,1.99240267910182,0.0227504421848886,50,0.0381196371977696,35,0.0551792942164218,45.0,2.04709694000431,1,120.3,7.6,55.0,151.6,12.6067859121192,1,113.9054492
2.0,0.0796598521512372,4.1,479.0,0.731891636632309,4.9,1795.0,21.0,0.0970116364509069,0.223867621307056,0.323538339046961,0.0387041606532986,35,0.065138442409425,35,0.0762145817448222,35.0,0.634537711158857,1,120.0,6.1,41.6,142.1,15.1610612321282,1,133.4928358
0.0,10.0,2.5,0.0,10.0,2.5,0.0,38.0,0.147660531729035,0.863923886873048,0.889566584469164,0.0277869815730629,55,0.841840945099677,45,0.990200605745454,55.0,3.63181621829225,2,135.8,2.6,29.6,143.9,14.5306851560746,0,140.3543829
0.0,10.0,2.5,0.0,10.0,2.5,0.0,11.0,0.228611272950786,0.265251851346192,0.538941199173133,0.0418946987376929,45,0.261588249612279,45,0.265249553487993,45.0,0.33803027404041,1,119.6,7.5,53.4,149.7,12.6489676622502,1,175.0079134
1.0,0.160966445969937,4.2,494.0,10.0,2.5,0.0,9.0,0.108216151430808,0.119622892384459,0.76609773554527,0.0031569630907855,55,0.122363060420027,55,0.129890701080766,55.0,0.161524014632883,1,138.0,2.9,25.6,151.5,15.3490869077027,0,158.3446931
0.0,10.0,2.5,0.0,10.0,2.5,0.0,7.0,0.099877496599371,0.207848240176017,0.211783861201532,0.0588150955018899,65,0.0750951354853658,65,0.099079423531122,35.0,0.234991123028262,1,117.5,7.2,52.7,144.5,14.5444935998203,0,134.8738176
2.0,0.572429413672433,4.5,435.0,0.943140152514822,4.2,80.0,53.0,0.0446670721230544,0.0524591804094998,0.276381250189915,0.033641207194906,35,0.0423895373602263,45,0.107299881960454,25.0,0.896830774284507,1,99.0,18.9,44.6,126.0,11.7111578710981,1,79.53349435
1.0,0.805529148827778,2.5,0.0,10.0,2.5,0.0,11.0,0.0740711671106323,0.108683459336429,0.421729987813385,0.0301565241993007,35,0.10752854257469,35,0.650363989738149,25.0,1.3948867108099,1,127.5,24.1,88.1,128.7,16.0433994310951,1,137.9063145
0.0,10.0,2.5,0.0,10.0,2.5,0.0,4.0,0.0682973613139379,0.25604159445271,1.80077122737074,0.0361476226521272,45,0.250837555065902,65,0.256039376382106,65.0,3.67493074503324,2,148.7,0.0,2.4,170.9,17.5392143124485,1,157.6304037
0.0,10.0,2.5,0.0,10.0,2.5,0.0,7.0,0.631139354295439,0.757198726366336,0.878274904909163,0.0550673475085917,35,0.0713745698811684,45,0.483517607854611,35.0,0.549579641549103,1,79.7,62.1,144.3,115.4,11.5816731042743,0,125.1163646
2.0,0.307848400052902,4.4,761.0,0.988088108572066,4.1,618.0,22.0,0.0387142607049446,0.204002564923872,0.323862911096011,0.204000797664617,45,0.634019121097689,75,0.750272354299378,30.0,0.194800107429792,1,114.4,5.9,35.0,121.8,14.0693830376525,1,159.1418631
0.0,10.0,2.5,0.0,10.0,2.5,0.0,29.0,0.281125626354255,0.387252601349224,0.397423252525284,0.437502473581797,55,0.760388767061631,25,0.991592170759207,30.0,10.0,0,127.7,26.6,81.9,130.1,18.8775096938394,0,63.76825812
2.0,0.328400503913486,4.3,451.0,0.493643306617349,4.5,796.0,36.0,0.044423568285667,0.257381873621199,0.30109665869143,0.0187167428401561,30,0.0421215637114059,40,0.301094050312165,35.0,1.89736445599721,1,61.0,33.0,116.9,138.2,23.4685228684782,1,67.88649621
2.0,0.595700582707502,4.1,82.0,0.998367942791382,4.6,114.0,20.0,0.27520715803739,0.366474766938322,0.375866462670168,0.0200999089437008,25,0.0541879609310633,25,0.0811899224309953,25.0,0.533756732845128,1,106.9,7.7,43.0,120.1,15.8444767572423,0,167.837933
4.0,0.519212258432151,4.8,1439.0,0.81171552397908,3.5,6.0,20.0,0.0478973137182416,0.563066328037913,0.784600059751842,0.530968802225684,45,0.62327893056367,20,1.12264316780996,5.0,2.71531195988461,1,163.8,0.6,4.5,155.9,16.3311459690097,0,135.6484307
2.0,0.0065423043434584,3.1,14.0,0.902552378372179,4.7,1474.0,25.0,0.178281948960509,0.221500988288431,0.264306621304668,0.0486115090458283,40,0.218255559910648,50,0.235295189973891,65.0,0.35119990232766,2,150.3,0.6,5.2,151.4,17.2375811812261,0,123.6675062
2.0,0.115695169767549,2.5,0.0,0.117698753783419,3.5,18.0,36.0,0.084335796511054,0.101605553513936,0.191414468123691,0.0283620239515821,40,0.0843350659159325,25,0.0939863776779444,45.0,2.54921008366128,1,120.9,19.0,71.5,121.9,16.8739949097986,0,144.9486842
1.0,0.408487838579326,4.3,84.0,10.0,2.5,0.0,20.0,0.0289399673640795,0.146667918531216,0.282208585230685,0.0239174731675898,45,0.275469555199864,45,0.474797114246161,45.0,1.56726156921497,2,152.5,0.0,1.2,172.8,17.7274447189161,1,151.4485116
1.0,0.707169200144859,4.5,796.0,10.0,2.5,0.0,36.0,0.0582113537184692,0.25194769518263,0.2549708067272,0.0122652735579672,35,0.0582108494378893,30,0.229403534834826,40.0,1.67070653443804,1,59.3,31.3,114.8,137.4,25.2393018938543,1,174.5088539
0.0,10.0,2.5,0.0,10.0,2.5,0.0,8.0,0.912572620322338,1.18804798976239,1.30326829508554,0.137399110296263,70,0.278565519362611,5,0.344769487624667,30.0,3.37988584923836,1,110.9,2.0,15.1,137.5,22.0294219627218,0,120.3781567
0.0,10.0,2.5,0.0,10.0,2.5,0.0,9.0,0.139810281921289,0.874433665371602,1.01632945951326,0.0297950465441638,35,0.219531677488672,35,0.803054478315404,35.0,10.0,0,138.7,64.4,112.1,124.9,20.6804073658208,0,78.41358491
1.0,0.624012499893391,4.3,137.0,10.0,2.5,0.0,27.0,0.0832917900345781,0.264149782040983,0.35066534465107,0.0283812363935038,35,0.685869664780625,35,0.835097508159037,25.0,10.0,0,144.8,69.7,121.6,124.0,18.4642840781496,0,105.0736636
1.0,0.624012499893391,4.3,137.0,10.0,2.5,0.0,27.0,0.0832917900345781,0.264149782040983,0.35066534465107,0.0283812363935038,35,0.685869664780625,35,0.835097508159037,25.0,10.0,0,144.8,69.7,121.6,124.0,18.4642840781496,0,105.0736636
1.0,0.019353071697491,3.7,6.0,10.0,2.5,0.0,1.0,0.134875475917358,10.0,10.0,0.2852956253305,70,1.29665364148595,20,1.40132256762985,55.0,1.11322674794906,1,131.7,3.9,28.8,133.8,15.2057168949772,0,113.0629383
0.0,10.0,2.5,0.0,10.0,2.5,0.0,10.0,0.0836546215471149,0.235006080339293,0.29613541635846,0.356140019767703,65,1.03982667179479,30,1.24808291065772,25.0,2.57067188627886,2,120.7,4.3,30.3,126.1,15.5026221274047,0,150.4692469
1.0,0.179037809786047,1.0,1.0,10.0,2.5,0.0,10.0,0.0817224515090521,0.128977737740312,0.335511149912962,0.0253878245247635,35,0.215894879770269,25,0.219340488125171,25.0,1.23961785550959,1,104.7,9.5,54.2,119.2,16.883991541283,0,109.3345831
0.0,10.0,2.5,0.0,10.0,2.5,0.0,12.0,0.277156059036784,0.495924561419759,0.641120779674498,0.0605270875691507,35,0.193095457629333,30,0.316126054983622,25.0,0.505405587024565,1,64.3,19.2,49.6,155.8,21.4511427502059,0,119.4472993
0.0,10.0,2.5,0.0,10.0,2.5,0.0,0.0,10.0,10.0,10.0,10.0,0,10.0,0,10.0,0.0,1.9503560499,1,102.1,1.6,9.7,159.1,19.3561616138933,1,118.6049017
0.0,10.0,2.5,0.0,10.0,2.5,0.0,0.0,10.0,10.0,10.0,10.0,0,10.0,0,10.0,0.0,0.552808271741604,1,116.8,1.7,15.4,136.2,17.8948922075006,0,149.2188403
0.0,10.0,2.5,0.0,10.0,2.5,0.0,0.0,10.0,10.0,10.0,10.0,0,10.0,0,10.0,0.0,1.0477511291022,1,129.1,0.9,10.2,143.7,15.9792079496968,0,71.65515963
0.0,10.0,2.5,0.0,10.0,2.5,0.0,0.0,10.0,10.0,10.0,10.0,0,10.0,0,10.0,0.0,0.238082648802609,1,120.2,1.9,16.6,139.5,15.6693525713002,0,122.7473325
2.0,0.173935962070833,3.0,2.0,0.813659648783544,2.8,58.0,26.0,0.149912426767353,0.209478045655343,0.261699346439336,0.228768428862701,75,1.25524408616483,15,1.48614241566755,30.0,0.113477475454113,1,112.8,1.6,12.1,136.7,20.9795146343289,0,164.289945
0.0,10.0,2.5,0.0,10.0,2.5,0.0,10.0,0.150765598452332,0.297344274090138,0.324311101073957,0.213153893711123,70,1.02306206087354,15,1.33084896585934,25.0,0.113528513327046,1,138.1,18.6,61.6,146.3,15.5150381016543,0,114.4684353
0.0,10.0,2.5,0.0,10.0,2.5,0.0,0.0,10.0,10.0,10.0,10.0,0,10.0,0,10.0,0.0,0.603047790397193,1,140.8,15.6,53.2,148.4,13.9841775582005,1,111.8698483
0.0,10.0,2.5,0.0,10.0,2.5,0.0,3.0,0.0331612880530731,0.50897789559161,1.00639210767014,0.157812529364507,55,0.191640064461927,55,0.292450730537458,25.0,3.73150239071676,1,125.0,31.9,106.8,125.8,16.200424058687,1,111.3058093
0.0,10.0,2.5,0.0,10.0,2.5,0.0,0.0,10.0,10.0,10.0,10.0,0,10.0,0,10.0,0.0,1.64896342978549,1,139.4,52.1,105.0,133.4,19.9856826858298,1,101.9907202
0.0,10.0,2.5,0.0,10.0,2.5,0.0,3.0,1.28352015177678,1.73136825915308,1.98258641209999,0.0178788416708766,40,0.911474873987495,70,0.983476699436739,25.0,4.32222584910674,2,157.7,37.3,79.1,164.4,17.7505789355491,0,115.9869009
1.0,0.123992197334237,4.8,671.0,10.0,2.5,0.0,25.0,0.0277419108547234,0.133104541467372,0.238006877865323,0.0210382239838972,35,0.0277416705284927,35,0.133103388392195,35.0,0.677197512496741,1,120.7,3.2,31.8,141.5,15.1840545699528,1,122.8511904
0.0,10.0,2.5,0.0,10.0,2.5,0.0,13.0,0.161431906450361,0.27207552987704,0.672723229071047,0.0358386492662737,45,0.158155115959098,45,0.381165642501441,45.0,4.52590754935984,1,164.3,0.0,0.4,178.9,15.7404605883674,1,125.5564504
1.0,0.185242095878233,3.9,36.0,10.0,2.5,0.0,7.0,0.548346964572363,0.749133685261142,0.899545387267757,0.814416488987432,70,10.0,0,10.0,0.0,2.01262769736473,2,129.4,4.6,31.8,133.4,15.5416476532675,0,126.5077893
0.0,10.0,2.5,0.0,10.0,2.5,0.0,22.0,0.677980436009955,0.818646010506791,0.842867236672552,0.0198413181236361,45,1.66053832093355,45,10.0,0.0,2.91586925801534,1,136.1,14.7,57.6,147.1,14.7120420690171,1,106.2492275
0.0,10.0,2.5,0.0,10.0,2.5,0.0,10.0,0.30151828801187,0.327293159648241,0.51953331744627,0.0826135953550641,5,0.301515675980047,40,0.450797778460774,65.0,2.81103872575689,1,56.2,7.4,45.2,132.2,24.9941615390374,0,117.6022079
2.0,0.527557152782788,4.1,70.0,0.539635104842256,4.2,117.0,3.0,0.515116132850489,0.67896425849431,1.3490613693183,0.0531812481981363,45,1.26653942301399,45,1.34904968249524,45.0,3.57686679256788,1,138.2,0.2,9.3,160.7,14.7393888764129,0,117.186305
1.0,0.0568241564188855,3.1,8.0,10.0,2.5,0.0,3.0,0.0878439049969135,0.153443553122575,0.331949739728396,0.0314117699541471,30,0.33194686407116,35,0.697953404931655,55.0,10.0,0,102.6,0.3,3.2,132.4,21.5932360206602,1,86.32590627
0.0,10.0,2.5,0.0,10.0,2.5,0.0,4.0,0.105461500032898,0.989296797098955,1.60451257939374,0.0717880537382016,55,0.0873353145728911,55,0.208946639655903,55.0,10.0,0,125.0,0.7,14.3,152.4,14.39737577663,1,118.893759
0.0,10.0,2.5,0.0,10.0,2.5,0.0,10.0,0.126925343028067,0.173568644684266,1.56128915310716,0.0613268849913239,70,0.105961508861551,40,0.126924243483011,55.0,1.80135533971444,2,120.5,1.1,6.9,149.3,20.5272830301669,0,150.0101153
0.0,10.0,2.5,0.0,10.0,2.5,0.0,0.0,10.0,10.0,10.0,10.0,0,10.0,0,10.0,0.0,2.81717607195167,1,115.1,7.9,51.7,134.7,15.3382810090576,0,83.27037575
0.0,10.0,2.5,0.0,10.0,2.5,0.0,4.0,0.64449025308708,0.739660049764433,0.841536721340885,0.931544925305421,35,0.931544925305421,35,0.946008604060582,25.0,2.61151706918003,1,136.7,3.6,30.0,142.9,14.0121966464556,0,105.2377517
3.0,0.191766843200659,4.0,172.0,0.909489192984283,4.5,2.0,15.0,0.0894459958341015,0.168895268369919,0.237210561029181,0.0511919199179544,30,0.614259301925706,30,0.904649935836013,60.0,0.219262261497405,1,61.0,25.6,90.3,107.5,17.7924402275619,0,77.9663926
0.0,10.0,2.5,0.0,10.0,2.5,0.0,4.0,0.246397272686209,1.12477348385685,1.63049261362744,10.0,0,10.0,0,10.0,0.0,0.203150757906218,1,135.6,17.4,58.9,142.5,14.6133064600644,0,82.01571117
0.0,10.0,2.5,0.0,10.0,2.5,0.0,2.0,0.245832660457441,0.368266972336576,10.0,0.0358271273255375,50,0.16323719551247,25,0.211750707724978,25.0,0.224573268721293,1,135.2,5.0,39.0,146.2,15.6413724081144,0,138.9467916
2.0,0.665261364713205,4.1,35.0,0.923192450434191,4.1,147.0,14.0,0.209155201499155,0.309743632099768,0.439322298836271,0.563755033115296,55,0.574596619894236,25,0.64853639370113,25.0,0.625790274782791,1,136.3,19.1,69.3,145.0,15.2263450108541,0,121.9917072
2.0,0.0016420389128519,4.1,143.0,0.649695152644245,4.6,558.0,26.0,0.0510032098677991,0.111411444219293,0.14853853497852,0.0377712375462941,35,0.148537248199609,25,0.340456193722485,30.0,0.821812334351968,1,116.5,11.2,67.2,138.4,14.6582035331986,0,85.69643997
2.0,0.295047895348421,4.7,83.0,0.442308509208382,4.9,464.0,6.0,0.255630810123154,0.819102570389078,0.902267374510549,0.0343039139074704,55,0.952015522333821,55,1.36026364811353,25.0,3.0863415040067,1,90.7,2.8,16.2,134.4,22.107042967288,0,129.7458366
1.0,0.254602220525116,3.6,70.0,10.0,2.5,0.0,15.0,0.185542233681782,0.200786972515971,0.24539922199391,0.0885533077157731,45,0.147019253965674,55,0.189460056088837,65.0,0.202496103235774,2,160.1,0.6,4.7,155.1,15.5864469645932,0,131.7413812
0.0,10.0,2.5,0.0,10.0,2.5,0.0,11.0,0.134435846175644,0.358644282587978,0.728904826694557,0.044743847810266,45,0.0761080132210256,25,0.137448473728447,20.0,10.0,0,62.7,44.8,147.9,130.6,19.0517738603189,0,113.2953175
4.0,0.64957425660539,4.5,43.0,0.660408032111723,4.3,159.0,17.0,0.0544325592578841,0.151232962594682,0.335379070686149,0.0301390790246319,35,0.0603721512488386,30,0.0681548691651671,25.0,0.797063603989166,1,99.9,3.9,23.2,126.0,17.4005815555057,1,90.25051621
2.0,0.162055895203844,4.5,43.0,0.784975600495416,4.2,209.0,14.0,0.0842756548138865,0.406378657848667,0.423598466819531,0.0721948939830186,35,0.0844177330429064,30,0.0913134392687706,30.0,0.474073084625581,1,99.9,3.9,23.8,125.7,17.4005815555057,0,97.45782732
0.0,10.0,2.5,0.0,10.0,2.5,0.0,18.0,0.170718785224713,0.867998360534751,0.948308323660922,0.948300108532774,35,1.82330977569153,35,10.0,0.0,1.39362009310414,1,136.0,43.5,118.3,131.2,17.9440267984131,0,128.6203177
1.0,0.517925096879529,3.9,30.0,10.0,2.5,0.0,52.0,0.0317328528826995,0.100604533144339,0.120802517861083,10.0,0,10.0,0,10.0,0.0,0.812462263264323,1,133.0,19.9,64.9,139.7,14.5792166329815,1,32.20897941
1.0,0.802816670815722,3.4,150.0,10.0,2.5,0.0,16.0,0.0532390013580687,0.179772998017731,0.438965013953306,0.161956046696816,15,0.399933474044246,20,0.442631117964397,20.0,1.98650852772709,1,134.6,17.3,62.3,140.8,15.0801149038102,1,104.1185732
2.0,0.592770498393499,4.2,87.0,0.614287222600139,2.5,0.0,23.0,0.0634984565994691,0.28790403894275,0.374293638311556,0.0395921427201688,40,0.203081245694523,25,1.59099095858,25.0,0.16735180586829,1,122.0,20.1,78.2,133.2,15.4608141327944,0,116.7561519
1.0,0.216670355213087,2.5,0.0,10.0,2.5,0.0,6.0,0.12912036538128,0.521298798993338,0.715041733791613,0.0800942479684846,70,1.86966939831585,25,1.88096164941694,50.0,0.601585021584541,1,143.1,21.5,65.4,149.0,14.6218073209073,0,88.48356823
1.0,0.848540866172872,3.3,68.0,10.0,2.5,0.0,27.0,0.0423877290404177,0.169556370898015,0.77372502867198,0.977362468850883,25,10.0,0,10.0,0.0,1.01157312364773,1,135.6,18.0,62.0,144.9,15.5263423160416,1,103.9683637
0.0,10.0,2.5,0.0,10.0,2.5,0.0,18.0,0.329221824268405,0.396891607043818,0.590064237383175,0.0406105319317596,35,0.329218972242702,40,0.329218972242702,45.0,1.73178145903007,1,137.0,12.7,54.3,140.7,14.9310779998503,0,79.7719426
0.0,10.0,2.5,0.0,10.0,2.5,0.0,6.0,0.134003295690236,0.229350432499938,0.374774090625195,0.425824295035335,70,10.0,0,10.0,0.0,0.670287518000683,1,139.6,21.8,65.8,147.3,14.9417612096714,0,121.8990066
1.0,0.701072111012662,4.1,184.0,10.0,2.5,0.0,2.0,0.103959466933341,0.834151830415235,10.0,1.68587990151078,25,10.0,0,10.0,0.0,0.165714674460465,1,133.3,17.7,67.1,142.5,15.0341162512164,0,112.9818887
0.0,10.0,2.5,0.0,10.0,2.5,0.0,15.0,0.0941343187558679,0.321856222448068,0.55175509239176,0.0343385940980527,45,0.382384221415682,45,0.406446827508364,45.0,0.186639426134203,1,134.9,21.4,73.4,141.8,15.0059897447414,0,104.8688067
0.0,10.0,2.5,0.0,10.0,2.5,0.0,5.0,0.0650893086330297,0.256418003333634,0.312145687470213,0.260943598671439,35,0.707250909882175,25,0.818756493559636,25.0,0.203856934103674,1,129.9,11.1,50.8,132.6,15.2474783292163,1,85.96749078
1.0,0.165456218943435,4.0,262.0,10.0,2.5,0.0,10.0,0.105655579247952,0.140715560899019,0.424305618306014,0.0161923543949823,45,1.12038454144879,30,1.12380981829634,70.0,0.138673155812361,1,124.3,21.7,76.2,134.2,16.7970934950221,0,111.2262273
0.0,10.0,2.5,0.0,10.0,2.5,0.0,0.0,10.0,10.0,10.0,10.0,0,10.0,0,10.0,0.0,0.397902813272689,1,138.3,1.0,13.9,155.9,14.7355218953515,0,133.3647772
0.0,10.0,2.5,0.0,10.0,2.5,0.0,9.0,0.105817205432362,0.170807317489701,0.344958306150494,0.0369784745235953,50,0.155526562089848,70,0.334510501856838,15.0,10.0,0,131.3,54.0,117.0,133.4,18.9095975746688,0,117.887149
0.0,10.0,2.5,0.0,10.0,2.5,0.0,11.0,0.233701780105981,0.370081843029147,0.447826494776721,10.0,0,10.0,0,10.0,0.0,0.18464603106262,1,155.4,0.0,3.0,174.3,17.0329721536043,0,103.4462282
0.0,10.0,2.5,0.0,10.0,2.5,0.0,9.0,0.103740939694237,0.124949956138929,0.219854432985537,0.0502354838694537,70,0.0773427999395817,35,0.219852528402407,45.0,0.187611481653284,1,138.7,19.8,74.9,165.4,13.5999268657834,0,111.2696695
1.0,0.764717673329081,4.5,246.0,10.0,2.5,0.0,24.0,0.108099278111309,0.230203486865514,0.261341886838705,0.111458710919385,70,0.217299731684101,35,0.534329882263236,25.0,0.490783276742319,1,140.5,18.8,65.0,163.0,13.908106594805,0,109.7693232
0.0,10.0,2.5,0.0,10.0,2.5,0.0,44.0,0.0862647294192533,0.134373692414639,0.33022278261209,0.0510406172934428,40,0.108176204266184,30,0.835691926104549,30.0,1.23310957513805,1,135.4,14.2,55.9,153.7,13.5311320458118,0,114.1104862
0.0,10.0,2.5,0.0,10.0,2.5,0.0,31.0,0.0512590875064725,0.101303307667326,0.32803426446937,0.468573054627511,35,1.17613061286805,35,1.2567271113411,30.0,2.71425328538077,2,132.5,10.6,45.1,147.4,12.9244702447788,0,113.4341288
0.0,10.0,2.5,0.0,10.0,2.5,0.0,8.0,0.242904676875597,0.402301789023747,0.453179221065151,0.611912189589966,25,0.722332237864326,40,1.0020063977683,45.0,4.87012497448939,1,137.3,14.4,64.5,158.6,13.4419830077102,0,113.2763733
1.0,0.0551338788762905,3.6,71.0,10.0,2.5,0.0,23.0,0.289096092976217,0.760095547427374,0.872787007054355,0.0285000595749513,35,0.125619108529224,30,0.289093588557602,45.0,2.36458034073622,1,141.6,52.5,102.9,134.1,18.3361091399057,0,128.1425042
0.0,10.0,2.5,0.0,10.0,2.5,0.0,30.0,0.0705724514767182,0.281709844133276,0.46035284460456,0.0305210170501536,35,0.0786025454402119,45,0.0873664138207715,35.0,3.15496624725897,2,117.8,44.7,105.7,123.4,23.5086514709185,0,151.1830594
1.0,0.875102530688739,3.8,49.0,10.0,2.5,0.0,21.0,0.0869711838661449,0.176482630796309,0.324512435557708,0.0327443461291808,40,0.176481101939565,35,0.323289113099161,35.0,1.02488270170976,1,136.4,44.8,94.6,132.3,20.7998087431694,0,152.8277716
0.0,10.0,2.5,0.0,10.0,2.5,0.0,21.0,0.154010502594543,0.750685482738213,0.875521148133876,0.0225749695942295,40,0.54391026698953,35,0.548916609771617,65.0,2.08427763848829,1,97.0,5.5,32.1,120.6,18.0614385807321,0,97.80652846
1.0,0.0756275924546902,5.0,2.0,10.0,2.5,0.0,13.0,0.10321315012582,0.161527698193709,0.256719269410852,0.596789103157705,35,1.49172500053158,35,1.7588650066178,40.0,3.90054372816818,2,46.7,19.8,86.9,119.0,22.9512838535819,0,123.6869116
4.0,0.226493356039649,4.6,478.0,0.53384423334268,3.0,65.0,0.0,10.0,10.0,10.0,10.0,0,10.0,0,10.0,0.0,0.246041245929844,2,104.3,36.7,115.4,126.9,22.5847782768171,0,93.58512572
1.0,0.208365756859428,4.1,47.0,10.0,2.5,0.0,33.0,0.0297811582649461,0.111744667498711,0.204991879321113,0.0266833965837106,35,0.23154867828822,25,0.377232992628449,25.0,3.1718925054369,2,104.3,36.6,118.4,128.6,22.5724198667565,1,115.7072654
0.0,10.0,2.5,0.0,10.0,2.5,0.0,13.0,0.364808945073302,0.386645780284191,0.772995748515335,0.290734888893308,35,0.3920289870708,35,0.443504082443441,25.0,0.514262532974474,1,56.6,49.4,148.7,97.5,15.530871921551,1,153.2256624
1.0,0.678500435513151,4.4,146.0,10.0,2.5,0.0,21.0,0.0991398919447497,0.121124815933498,0.241788789933972,0.12115135612092,60,0.675441832139442,35,0.822931425815708,35.0,1.54739892899158,1,127.1,6.4,32.3,142.8,16.8788959502957,0,131.6291063
2.0,0.39516501156414,2.0,1.0,0.510745737380874,2.5,0.0,30.0,0.0374766168879768,0.32104871825597,0.401218569297157,0.0200681657451688,35,0.0374762922305652,35,0.0432288362350348,25.0,1.75238923701772,1,48.1,13.6,59.2,131.3,24.5658020061382,0,61.01614718
0.0,10.0,2.5,0.0,10.0,2.5,0.0,7.0,0.262066067279714,0.635894787550046,0.734561583828796,0.0228514180130145,35,0.185564465496832,35,0.433791397565546,25.0,2.75512178403053,1,135.9,2.2,26.0,152.5,14.6183023429897,0,118.8168047
0.0,10.0,2.5,0.0,10.0,2.5,0.0,27.0,0.0435795897457756,0.0641835006277237,0.193747217836584,0.033637285651061,45,0.0617021673612299,35,0.203033771556997,35.0,2.54146880434805,1,60.1,37.8,121.1,100.1,15.2397269256681,1,146.755839
1.0,0.654630975666806,4.6,670.0,10.0,2.5,0.0,13.0,0.0385135493428819,0.358851175509735,0.586686559893413,0.22396483631054,10,1.67540713987606,30,1.84345202167325,30.0,1.16617817288207,1,140.7,9.6,46.0,140.3,15.2374142525638,1,122.2528319
0.0,10.0,2.5,0.0,10.0,2.5,0.0,0.0,10.0,10.0,10.0,0.137597651625914,30,0.137597651625914,35,0.238678788746601,60.0,10.0,0,123.7,27.1,79.5,130.5,23.1858094917284,0,135.5075437
1.0,0.619469439438584,4.1,1656.0,10.0,2.5,0.0,35.0,0.123306903806964,0.150774051969386,0.335981022333705,0.0610372171530577,50,1.14719121813344,45,1.31491332159601,40.0,2.10898667286845,1,168.3,0.0,0.3,176.9,16.7022850512763,0,149.3897006
0.0,10.0,2.5,0.0,10.0,2.5,0.0,23.0,0.484779994695954,0.552613283545059,0.557214455639029,0.028552728821885,35,0.178082673673766,35,0.29635212953846,35.0,1.78645261906296,1,133.2,28.9,85.4,141.0,17.9277613593832,0,144.7015395
0.0,10.0,2.5,0.0,10.0,2.5,0.0,18.0,0.33195915245187,0.507334243109753,0.664598711499003,0.50841175657638,25,0.734208934559349,65,0.756983550621001,45.0,1.58894786649705,1,158.5,34.5,79.1,157.8,15.5404805000374,0,113.2973623
2.0,0.0649241016043076,1.0,16.0,0.065305988317209,2.8,68.0,19.0,0.0690707895809325,0.166001276398321,0.330372032627063,0.0405493797250168,45,0.68396955256518,70,0.898441033542024,25.0,0.31518288797719,1,140.4,27.0,73.7,141.0,15.0228978216932,0,118.5589456
1.0,0.622485506264096,4.1,157.0,10.0,2.5,0.0,67.0,0.0466409178509297,0.0787942274325389,0.155480249993596,0.0358747479093347,40,0.0369090295929596,25,0.049123526876578,35.0,1.62207422853429,2,142.1,26.0,72.8,139.3,15.0459859270904,1,111.0547956
0.0,10.0,2.5,0.0,10.0,2.5,0.0,52.0,0.0995167912862201,0.519699318192018,0.635187020538704,0.0271826150294555,25,0.0364795344882456,40,0.054720396526187,25.0,2.21918147981574,2,142.1,26.0,73.3,139.7,15.0459859270904,0,114.259787
1.0,0.282733570199166,4.0,143.0,10.0,2.5,0.0,10.0,0.0925020688946272,0.119964158296142,0.768343208803193,0.0271935538748251,40,0.120294688245537,25,0.596353010547358,25.0,1.16042661958941,1,142.7,26.2,75.0,139.5,15.0057732614717,0,11697.09018
0.0,10.0,2.5,0.0,10.0,2.5,0.0,34.0,0.0970920207837968,0.149578707919246,0.162743109783982,0.0306894158600048,30,0.116289430986104,45,0.175514473645298,30.0,0.277686999834845,2,129.1,39.4,96.0,129.1,24.7969339022382,1,128.7340916
1.0,0.67461959641314,3.6,61.0,10.0,2.5,0.0,16.0,0.0300518850345507,0.161764666363567,0.288715639048146,0.0197897939519335,45,0.0300516246968206,40,0.529986078451589,35.0,3.4792636261121,1,136.4,44.8,94.6,132.3,20.7998087431694,1,93.72450566
3.0,0.214035572003127,4.0,4.0,0.496092340583894,3.4,26.0,33.0,0.0330823396343944,0.169795536053755,0.305495046014709,0.0338619081372805,45,0.0395940837018194,30,0.0833821096668709,20.0,1.76920697415225,1,133.0,43.6,101.5,131.9,21.1707350101056,1,96.00905871
1.0,0.255038261081325,1.0,1.0,10.0,2.5,0.0,4.0,0.0624257599109318,0.229985615841781,1.34994975234937,0.0572217999661809,45,0.229983623492592,45,0.310099184197472,30.0,3.78524358853139,1,130.4,2.7,28.2,144.7,14.1937671981436,0,124.232661
2.0,0.617345665795568,2.5,0.0,0.617345665795568,4.4,951.0,18.0,0.120381676642089,0.539355863660156,0.541268861126125,0.0431484577778829,45,0.46912872336188,35,0.539351191258457,45.0,0.213739402871833,1,165.7,0.0,0.4,180.5,15.9423250991841,0,0.0
1.0,0.927020955647018,2.0,1.0,10.0,2.5,0.0,15.0,0.259645283172439,0.264513816889067,0.668243298268568,0.680394876383213,55,10.0,0,10.0,0.0,1.12515909475345,1,110.5,52.5,132.2,122.8,22.365214686728,1,147.0647237
0.0,10.0,2.5,0.0,10.0,2.5,0.0,0.0,10.0,10.0,10.0,10.0,0,10.0,0,10.0,0.0,10.0,0,121.1,17.6,64.1,121.7,17.1339639194551,0,113.5397247
0.0,10.0,2.5,0.0,10.0,2.5,0.0,14.0,0.731244674148872,0.768730804001402,0.86784244333144,0.0691741955254393,65,0.388756143866087,65,1.26834611063682,45.0,0.242838407984016,1,121.3,5.7,33.9,125.3,17.6579113706116,0,122.8774302
1.0,0.954873489414749,2.2,73.0,10.0,2.5,0.0,22.0,0.0528769692679081,0.205851458238726,0.449461742277665,0.0268024356694852,30,0.341523818283709,60,0.449457848622595,25.0,1.29062205000601,2,165.2,24.0,29.4,115.4,15.4943283928438,0,60.55910972
1.0,0.938840551347067,4.9,494.0,10.0,2.5,0.0,24.0,0.0559644954234492,0.389585450154354,0.712919595084029,0.0342270514653483,40,0.0559640106067495,55,0.0559640106067495,55.0,1.10179320396052,1,95.6,2.3,12.2,159.2,21.5560902762183,0,101.5684508
0.0,10.0,2.5,0.0,10.0,2.5,0.0,5.0,0.137133150539654,1.62137848777714,1.85429575315139,0.019042859577476,5,0.0298099233132983,35,0.137131962564629,35.0,2.10963277440436,2,122.0,11.0,52.0,127.0,15.3831829478254,0,83.18620615
0.0,10.0,2.5,0.0,10.0,2.5,0.0,9.0,0.0448823556287669,0.436329821441871,0.970903357330194,0.0337297692145229,55,0.563812253263532,30,0.782085484852681,10.0,1.79437554876436,1,137.7,8.2,40.7,167.6,14.2307351598174,1,119.7175159
1.0,0.376380681102031,3.0,67.0,10.0,2.5,0.0,8.0,0.0769210539775113,0.261210118164386,0.48055937531315,0.0256055976646976,45,0.271250557365334,45,0.886947975045972,25.0,10.0,0,110.9,9.7,63.9,135.3,14.8081455947301,0,103.7723217
0.0,10.0,2.5,0.0,10.0,2.5,0.0,5.0,0.123380896359527,0.163310334290746,0.330423235525792,0.207528868085769,45,0.275060920191931,70,0.659274296720828,35.0,10.0,0,130.1,7.8,43.1,140.3,13.8543843850588,0,124.5843776
2.0,0.174981717331305,2.5,0.0,0.551091100630185,3.1,53.0,11.0,0.105831372973245,0.236943217237524,0.283095648626756,0.0259753943350457,15,0.0586113839914825,55,0.240662051369409,45.0,0.523865333479741,1,141.9,5.5,32.3,161.6,15.6872385657609,0,117.3869654
1.0,0.446138796902732,4.9,307.0,10.0,2.5,0.0,16.0,0.153551541423066,0.247389487213157,0.266091031785726,0.0625327645273345,45,0.556490735471329,60,1.36735241915459,35.0,0.761191260261617,1,139.2,1.0,13.4,160.5,17.4215251890112,1,136.4441353
1.0,0.391118298703416,3.7,34.0,10.0,2.5,0.0,16.0,0.154030026762726,0.690433455574207,0.755975654706105,0.0321355383126806,45,0.37045231321659,45,0.421816539147641,5.0,1.48260253336398,1,136.5,0.0,4.6,166.1,15.4117493075829,0,101.4869555
1.0,0.804397457748041,4.8,700.0,10.0,2.5,0.0,17.0,0.0315624907064767,0.185772791111733,0.353970244330375,0.0293830603215618,35,0.352140039947047,10,0.777066128388781,45.0,4.50980546888896,2,152.8,0.0,1.1,176.1,19.0794204656037,1,106.0943271
1.0,0.216401790707156,2.5,0.0,10.0,2.5,0.0,13.0,0.102713633600358,0.159695126790243,0.413850076478625,0.0422281778707378,45,0.881884461184208,45,0.969328664823024,50.0,4.43382792008893,3,165.0,0.0,0.0,176.3,20.9671795044539,0,105.359146
1.0,0.948353713957611,4.9,851.0,10.0,2.5,0.0,35.0,0.0963517654399695,0.101818972998869,0.188126848637361,0.239811696106314,25,0.825659164065964,35,0.881565078951539,35.0,1.11210393359231,1,120.0,8.3,53.8,143.0,13.5949413878284,0,130.9671254
1.0,0.537056659095515,3.9,10.0,10.0,2.5,0.0,4.0,0.0433270313509904,0.360787719804082,0.430845397903862,0.0173439420736066,35,0.0369956685378903,35,0.0433266560115037,35.0,2.54694002321838,1,144.7,11.4,39.9,169.1,14.4307811213414,1,103.4618872
1.0,0.0396103871010608,3.9,207.0,10.0,2.5,0.0,25.0,0.171878412270086,0.355356737814637,0.499511367557697,0.0271112750322223,40,0.13882090851806,25,0.174004505644141,25.0,3.99796811417909,3,153.5,0.0,1.1,170.7,17.1436402425331,1,103.4363582
1.0,0.887368686581175,4.1,709.0,10.0,2.5,0.0,9.0,0.0514404041875017,0.15085048027371,0.260123438195637,0.0468085911893728,45,0.0480343433101526,25,0.13665381997162,25.0,4.79645721482149,1,139.0,0.1,7.0,165.8,15.4675936073059,1,87.17149445
0.0,10.0,2.5,0.0,10.0,2.5,0.0,40.0,0.280728473326215,0.309614797892383,0.51329376496508,0.817172630690543,10,1.35418375477105,30,1.40248967477948,30.0,0.856179518274338,1,117.7,8.9,49.1,140.3,15.0762771165506,0,134.4105096
2.0,0.81719647582005,4.2,268.0,0.970147214322601,4.3,70.0,17.0,0.165039775748371,0.226242440742841,0.27327794222246,0.0550473681979147,35,0.0757783229216512,35,0.165038346020284,35.0,1.59057146923231,1,118.9,6.7,42.4,139.1,15.3695389624972,0,107.9112077
1.0,0.352757368759139,4.2,130.0,10.0,2.5,0.0,10.0,0.0769549257087736,0.191578581588866,0.217468203326852,0.0184716225090785,45,0.0769542590534708,45,0.583943660642841,25.0,1.29975009085114,1,132.4,0.8,7.8,164.0,22.9339734261547,0,136.539192
1.0,0.888251294328294,4.7,133.0,10.0,2.5,0.0,29.0,0.0384115897310798,0.0739093960229176,0.160323299325459,0.0355717174351136,35,0.0384112569742288,35,0.0589213344136028,35.0,0.829746651027682,1,133.2,3.2,23.4,150.1,16.3360934201662,1,108.5306152
2.0,0.471977123101103,3.4,138.0,0.479291463873984,1.0,1.0,2.0,0.145206521189454,1.40447169538751,10.0,0.0259656768632788,45,1.12479218902651,45,10.0,0.0,0.270530723397206,1,144.3,0.1,4.1,170.6,13.9594356613519,0,101.320737
0.0,10.0,2.5,0.0,10.0,2.5,0.0,15.0,0.10516034540942,0.31349576104982,0.445027940394949,0.105159434412593,35,0.52538834785536,65,0.57830026224249,30.0,1.55342895317004,2,146.4,9.2,43.3,135.0,14.3935486189086,1,112.0569291
0.0,10.0,2.5,0.0,10.0,2.5,0.0,7.0,0.147433427027002,0.471547154017983,1.25906374359347,0.0232180952341058,55,0.152487571117414,30,0.153141336076887,55.0,2.66363905477164,2,131.0,0.1,5.0,158.1,15.7538459465529,0,130.9638575
1.0,0.165861145715164,4.8,1143.0,10.0,2.5,0.0,5.0,0.191415771011729,0.264321278632793,0.397750771616015,0.318035040676989,70,0.68488835165453,45,1.52728944285079,45.0,4.58890589965802,1,139.0,0.1,6.9,165.3,15.5484723407441,0,151.283404
1.0,0.657088738678827,4.1,242.0,10.0,2.5,0.0,7.0,0.0539548351621573,0.286990927149743,0.367694766338664,0.0354931542052894,35,0.0539543677554001,45,0.818929806946494,55.0,3.42653195251657,2,106.4,23.1,61.4,116.3,11.5803896249719,1,62.91531754
0.0,10.0,2.5,0.0,10.0,2.5,0.0,0.0,10.0,10.0,10.0,0.0459054004646553,70,0.0695278393894757,70,1.27208939166826,25.0,10.0,0,88.9,70.5,159.4,101.8,17.0952454525039,1,125.0638133
0.0,10.0,2.5,0.0,10.0,2.5,0.0,0.0,10.0,10.0,10.0,10.0,0,10.0,0,10.0,0.0,3.79964676615469,1,159.9,0.0,0.5,175.1,15.8456609027622,0,125.4745862
0.0,10.0,2.5,0.0,10.0,2.5,0.0,0.0,10.0,10.0,10.0,10.0,0,10.0,0,10.0,0.0,0.243893196423585,1,158.6,0.0,0.3,160.4,17.8387118047758,0,132.7366184
0.0,10.0,2.5,0.0,10.0,2.5,0.0,0.0,10.0,10.0,10.0,10.0,0,10.0,0,10.0,0.0,3.6980611493781,2,158.5,0.0,0.7,170.8,16.0947019237967,0,126.4929941
0.0,10.0,2.5,0.0,10.0,2.5,0.0,0.0,10.0,10.0,10.0,10.0,0,10.0,0,10.0,0.0,0.202165491038253,1,156.5,0.0,0.3,165.7,16.8006048356913,0,160.4387892
0.0,10.0,2.5,0.0,10.0,2.5,0.0,0.0,10.0,10.0,10.0,10.0,0,10.0,0,10.0,0.0,0.397010936415086,1,110.7,11.7,58.8,125.7,16.4043508496145,1,124.6487803
2.0,0.284131911583831,2.7,118.0,0.760118417457632,4.5,42.0,24.0,0.117103695510238,0.269804020533629,0.383538507325495,0.0331737196990627,35,0.235769002653526,30,0.293397146312139,55.0,10.0,0,153.7,37.9,84.1,141.8,16.3072194026499,0,123.0934583
1.0,0.987924594258649,5.0,1.0,10.0,2.5,0.0,2.0,1.07939372226576,1.12821676100466,10.0,0.0011023025513417,30,0.0074411133939884,20,0.0155070336720639,30.0,10.0,0,100.8,2.5,10.5,136.6,21.011079721536,1,109.5196649
1.0,0.106224126582221,3.7,186.0,10.0,2.5,0.0,38.0,0.0917188687092444,0.140620829736447,0.346838134949161,0.0270137810030518,40,0.137672430085678,25,0.139938793709439,35.0,2.18192836788358,2,169.5,70.0,87.6,139.6,23.1059595778127,0,123.6921677
0.0,10.0,2.5,0.0,10.0,2.5,0.0,18.0,0.382737026056492,0.396931269711839,0.433417533524186,0.115869789961915,25,0.115869789961915,25,0.123726751117737,25.0,0.259714686730466,1,31.8,0.1,3.9,117.0,14.7553555655363,0,128.0447128
0.0,10.0,2.5,0.0,10.0,2.5,0.0,15.0,0.310457466258617,0.513873923374871,0.853992578342816,0.0385978740057364,55,0.153502754121832,25,0.313467991881951,25.0,0.674611582549964,1,138.1,1.1,23.9,156.6,16.6776479526911,1,118.8728058
1.0,0.300325712144328,4.7,410.0,10.0,2.5,0.0,27.0,0.237606140475553,0.286186763473251,0.326049124861392,0.0438999734591072,45,0.229957593075626,45,0.557835920329202,25.0,2.20867238906159,2,113.5,16.7,94.7,140.3,14.0175325997455,1,116.6832083
2.0,0.143288541775228,4.8,12.0,0.986574937848149,4.8,1142.0,34.0,0.0768930984371025,0.173155690789574,0.465109448701392,0.031937129017756,35,0.0756958263255315,25,0.0796111935775393,25.0,1.23637359610182,2,114.4,16.7,88.1,142.0,13.9735567033461,0,157.4106899
3.0,0.036499692267702,4.1,87.0,0.336867065799631,2.5,0.0,40.0,0.100762753781307,0.16947393295337,0.178333321181034,0.485869180936745,65,0.499271547104856,35,0.638555815769608,35.0,0.199832147695516,1,122.1,3.5,35.6,140.5,14.2043701624373,0,136.5662076
0.0,10.0,2.5,0.0,10.0,2.5,0.0,24.0,0.189907754337532,0.236635892568433,0.340488661923122,0.188790255604967,40,0.511879248223785,56,0.58072008755099,35.0,2.8677644056539,3,128.0,34.9,108.3,134.0,20.0150899767947,0,117.1173315
1.0,0.180471285530929,2.3,3.0,10.0,2.5,0.0,4.0,0.127416778230499,0.164248594435276,0.742573069758578,0.0212302515670855,45,0.0283921955052762,25,0.124356039669715,55.0,10.0,0,117.4,5.7,32.3,138.4,14.6190788232652,1,116.0125802
0.0,10.0,2.5,0.0,10.0,2.5,0.0,0.0,10.0,10.0,10.0,10.0,0,10.0,0,10.0,0.0,4.100027278188,1,101.9,7.0,41.0,117.9,18.0446018414552,1,124.9707253
1.0,0.172257735164894,3.6,71.0,10.0,2.5,0.0,17.0,0.13256631644406,0.355753662300552,0.386637354407828,0.132565168032115,35,0.141500631068084,35,0.355750580431407,40.0,2.23932934103844,2,138.4,20.6,62.6,140.8,14.6508553783966,0,0.0
2.0,0.335204050168071,2.0,8.0,0.983236383098587,4.5,83.0,19.0,0.0312876851885121,0.198274056289402,0.339714324027617,0.0304629078637769,35,0.503819970547345,25,0.674951016516808,55.0,0.644023833339462,1,139.0,36.2,99.9,143.8,20.5703283928438,0,111.5870372
1.0,0.432917134760799,4.0,1.0,10.0,2.5,0.0,19.0,0.138320151065587,0.142772912565332,0.149927110024672,0.0371472688119783,55,0.357219588414955,35,0.396001129712548,25.0,0.210668566227128,1,136.4,25.0,84.0,142.3,18.4438956508721,0,109.6637327
0.0,10.0,2.5,0.0,10.0,2.5,0.0,10.0,0.275305750044794,0.510348778311447,0.600509044456262,0.546406250345182,65,1.32092940309931,35,10.0,0.0,0.783371996458379,1,128.2,34.8,102.5,136.7,20.7648154802006,1,108.5388755
0.0,10.0,2.5,0.0,10.0,2.5,0.0,25.0,0.08909603644006,0.689666294166339,1.30801920741412,0.0779651652342975,35,0.0890952646070208,45,0.675002282929108,35.0,1.99085021060307,1,128.1,0.8,21.1,157.0,14.9623848341942,1,111.5749956
1.0,0.0976551225925783,4.3,230.0,10.0,2.5,0.0,5.0,0.0405806278788139,0.390757957622615,1.53387852880316,0.0306863299855401,50,0.14118079913508,50,1.34244077486297,35.0,0.134629261754324,1,133.7,32.5,94.2,142.8,20.7562634179205,0,113.821846
1.0,0.775281778945524,3.7,24.0,10.0,2.5,0.0,47.0,0.0671733666663273,0.106146127612846,0.256236632838785,0.0365770337017233,35,0.0505841704450729,35,0.100727729334202,35.0,2.61814386251355,1,133.1,20.5,67.4,133.1,14.6623670184894,0,111.2391439
0.0,10.0,2.5,0.0,10.0,2.5,0.0,20.0,0.127030952930319,0.57520983737687,0.730968688580343,0.575204854374345,50,0.870575957129739,70,1.28578786688314,45.0,0.361207035146725,1,135.2,34.3,95.5,141.5,20.9411876637473,0,108.4022345
0.0,10.0,2.5,0.0,10.0,2.5,0.0,26.0,0.0778847670517874,0.210485458521148,0.31318945927519,0.0249864885194055,35,0.0778840923415522,25,0.209316587130681,25.0,0.51524965109587,1,135.8,37.3,99.2,137.2,21.8855932330264,0,109.2855955
0.0,10.0,2.5,0.0,10.0,2.5,0.0,12.0,0.0709896487135053,0.34845183778793,0.423222433652273,0.894339295571307,70,1.05197972240885,40,1.4798918246433,45.0,0.765571959562887,1,133.1,29.9,93.1,143.5,19.5631056965342,1,119.2590927
0.0,10.0,2.5,0.0,10.0,2.5,0.0,11.0,0.183381572234142,0.268185401215793,0.483863939469289,0.0383937266209416,45,0.0737488605259334,25,0.166450507947819,25.0,0.203191882910017,1,125.4,33.4,96.7,137.4,21.6482251665544,1,108.7306667
1.0,0.710370559008718,3.4,47.0,10.0,2.5,0.0,7.0,0.2401432977407,0.492922036098027,1.07993429823535,0.0302529441673295,50,0.222826931346509,35,0.285721820647497,35.0,0.261918052609297,1,134.2,23.0,73.4,135.6,15.0206727299948,0,112.7141688
1.0,0.0178973811028385,4.6,838.0,10.0,2.5,0.0,30.0,0.0909706262972146,0.172363299355117,0.271342252869904,0.291016259160582,50,0.576057813954204,35,0.592148781218518,65.0,0.979647249376356,1,135.2,28.0,88.1,147.2,20.3891991167004,1,108.7349916
0.0,10.0,2.5,0.0,10.0,2.5,0.0,41.0,0.0658997307595778,0.199811403791278,0.312275743227939,0.0275382979084402,25,0.0610990038978148,50,0.189920372802747,25.0,2.92564394507667,1,126.3,1.4,21.4,144.1,14.2850216333558,1,140.1803194
0.0,10.0,2.5,0.0,10.0,2.5,0.0,14.0,0.0933784898325482,0.469716945137799,0.73900285121456,0.0796999579715414,70,1.10108835773823,15,1.28132149999421,35.0,0.311908112419188,1,128.3,20.8,83.8,160.5,16.0414180702148,0,142.9310281
1.0,0.444099417219566,3.8,70.0,10.0,2.5,0.0,17.0,0.325382667177555,0.635545490331235,0.64870575088083,0.0287012531616654,35,0.111547550885281,30,0.205044646462103,30.0,0.433954983128379,1,38.6,7.4,23.1,131.9,18.6428499139157,0,148.084396
0.0,10.0,2.5,0.0,10.0,2.5,0.0,10.0,0.188464694795794,0.25693944853711,0.371665573515346,0.23716494237702,55,0.39199606451945,40,0.479804672611256,35.0,0.344998454656048,2,139.7,0.1,6.0,167.0,16.352365820795,0,148.7075921
0.0,10.0,2.5,0.0,10.0,2.5,0.0,6.0,0.0821795629131576,0.177044103216848,0.580130801451689,0.0040509120147883,45,0.0820519655190893,35,0.342340323299553,30.0,3.52331429476175,1,145.4,0.1,3.3,168.3,20.2754979414627,0,111.8985954
2.0,0.203933117782489,3.2,106.0,0.440241272216208,5.0,2.0,10.0,0.175964684369646,0.221643337107928,0.331372719471278,0.115952585127293,65,0.841068816917841,35,0.841334177315984,35.0,0.411334416434474,1,151.8,0.1,6.6,171.2,14.8362316790179,0,126.7543475
0.0,10.0,2.5,0.0,10.0,2.5,0.0,11.0,0.0398303577055862,0.243971893910966,0.32019939159941,0.0362064424841602,45,0.301158091820624,25,0.638450925712261,35.0,0.23361365239065,1,159.0,0.1,6.1,169.3,16.7005098435512,0,106.5958641
1.0,0.844451643603491,4.3,230.0,10.0,2.5,0.0,6.0,0.336621615813891,0.407572561543709,0.616642179384483,0.107746270937137,25,0.336618699684628,30,0.336618699684628,40.0,1.05589989392583,1,121.1,5.3,32.4,126.3,14.8793085560296,0,106.482678
0.0,10.0,2.5,0.0,10.0,2.5,0.0,5.0,0.0976716408220024,0.307600521950616,1.42385109795615,0.0295487596905511,25,0.0373575115938019,45,0.0802960268906259,35.0,0.237448020015994,1,120.3,18.1,69.1,123.8,15.6809482745714,0,125.9249704
1.0,0.364915719782783,4.1,213.0,10.0,2.5,0.0,24.0,0.162797025871,0.205522725768727,0.54993202167902,0.0091540221296226,15,0.0429942005538419,45,0.125322318990161,10.0,2.33501711895925,2,122.6,11.5,57.6,129.1,15.4972419342765,0,99.61591522
1.0,0.719587157517189,3.9,117.0,10.0,2.5,0.0,36.0,0.129098475106429,0.351692324229073,0.366420417183179,0.409265183080767,65,0.54393533191976,40,0.988587071520051,30.0,4.16178804460279,1,121.0,37.2,106.7,119.8,17.2622159592784,0,123.185809
4.0,0.0089316879842881,2.5,0.0,0.358741379823262,4.9,741.0,28.0,0.0505540492251908,0.14800690757378,0.149681109122444,0.0505536112788866,40,0.16675075540029,20,0.453667747720459,25.0,1.2359620861364,1,137.8,41.7,88.7,135.5,23.1865305786361,0,178.6861135
0.0,10.0,2.5,0.0,10.0,2.5,0.0,14.0,0.0751701436696154,0.29488429777068,0.520420409605724,0.491970249263389,40,1.04330189345352,45,1.06396278660673,40.0,4.2360714515891,2,153.0,0.2,4.3,162.3,18.9907431693989,0,129.9069653
1.0,0.0114645801914625,2.2,5.0,10.0,2.5,0.0,11.0,0.206550785081348,0.430871398059113,0.555859057692176,0.0463080196930518,35,0.0619531938345264,55,0.895801115641793,35.0,3.33327693124078,1,158.1,0.0,0.3,173.6,16.3422018863687,0,123.3252195
1.0,0.88736868658236,4.7,713.0,10.0,2.5,0.0,9.0,0.0358627840889868,0.218759689608569,0.268411531858437,0.042916408298394,50,0.278325960933203,45,0.285545109799593,15.0,3.90910550667113,1,139.0,0.1,7.0,165.8,15.4675936073059,0,136.4068894
2.0,0.234932155787839,2.5,0.0,0.878624125666858,4.0,103.0,26.0,0.0584924933575359,0.266912435036539,0.640610897871694,0.0218176562147645,25,0.0770892678813386,45,0.194488109470492,25.0,0.219269250997029,1,101.6,5.7,34.8,118.5,17.6976016168875,0,110.9474679
4.0,0.0175242400964872,4.5,43.0,0.660408032111723,4.2,209.0,17.0,0.0479665050723649,0.285285692726482,0.394101548111461,0.0235047157751895,35,0.0519108961292326,30,0.0779906167928897,30.0,0.474073084625581,1,99.9,3.9,23.8,125.7,17.4005815555057,1,96.67822967
0.0,10.0,2.5,0.0,10.0,2.5,0.0,25.0,0.0570481994350001,0.192964094468633,0.373312024427295,0.0322294068260479,45,0.280849322931653,35,0.494578742815205,70.0,3.23418910491933,2,118.4,19.0,77.3,126.0,15.5148050752302,1,85.03981254
0.0,10.0,2.5,0.0,10.0,2.5,0.0,17.0,0.0705064729733324,0.347863337062011,0.457169668289898,0.0387692131081564,45,0.0730674088105688,45,0.0765813062325277,45.0,2.49583226391112,1,151.6,38.0,89.6,145.4,16.0559015644884,0,119.3185664
2.0,0.124071991136973,3.3,33.0,0.331390471414241,3.8,9.0,10.0,0.0805142988794581,0.40347209345516,1.33788214602075,0.0340975045939419,45,0.0739550755189649,45,0.403468598205077,45.0,2.54647073035801,1,118.8,6.5,47.6,137.0,15.080917957931,0,111.4965387
