full_site_address,Latitude,Longitude,total_precipitation_mm,rainy_days,total_snowfall_cm,snowy_days,days_below_freezing,total_sunshine_hours,days_pleasant_temp,avg_daily_max_windspeed_ms
"*** StoneWash *** Car Care Center , 818 Paris Rd , Mayfield , KY , 42066",36.7325312,-88.6330322,1319.41,121.6,17.409,10,49.1,3163.83829694444,126.1,15.496726251965
"A-KEY CAR WASH , 2210 N Prince St , Clovis , NM , 88101",34.4211501,-103.1969689,326.92,48.1,23.555,13.6,59.6,3751.91870083333,131.4,24.5658020061382
"ALL STAR CAR WASH , 5835 N Market St , Shreveport , LA , 71107",32.6003451,-93.841208,1347.06,118.1,4.382,1.5,12.3,3207.53625027778,140.2,16.9007478104649
"Abercorn , 10509 Abercorn St , Savannah , GA , 31419",31.9858522,-81.1330952,1314.13,139.4,0.371,0.1,3.3,3385.14440111111,166.1,19.3680150460364
"Alabaster Wash and Wax , 916 1st St S , Alabaster , AL , 35007",33.2331449,-86.8116296,1408.98,130.8,2.135,1.5,23.1,3244.37197888889,151.6,14.4838500636275
"Alameda , 395 Alameda Blvd NW , Albuquerque , NM , 87114",35.1891491,-106.6161158,234.58,43.2,30.408,19,76.1,3815.4837075,113,21.1649679616738
"Alamosa , 51 Craft Dr , Alamosa , CO , 81101",37.4765837,-105.8945442,280.43,60.7,75.096,42.4,199.7,3846.62031361111,106.2,17.3418353170148
"All American Big Spring , 513 W Marcy Dr , Big Spring , TX , 79720",32.2284801,-101.4727633,431.19,57.5,8.561,4.2,29.3,3649.91054861111,130.4,24.7637534246575
"All American Boerne , 1376 S Main St , Boerne , TX , 78006",29.7768476,-98.726846,983.44,114.3,1.897,1.2,7.8,3223.33147194444,161.5,18.3089280634778
"All American Car Wash , 917 N 7th St , Vincennes , IN , 47591",38.6808632,-87.5201897,1169.61,118.5,25.095,17.4,71.7,3092.55043416667,126.8,17.722312149113
"All Washed Up Canonsburg , 405 Old Pike St , Canonsburg , PA , 15317",40.2614149,-80.1747502,1273.25,151.6,59.269,38,87.1,2863.06917555556,142.9,16.0559015644884
"All Washed Up Dubois , 306 Liberty Blvd , DuBois , PA , 15801",41.1205763,-78.758636,1271.81,158.9,101.458,57.7,108,2779.72957944444,137.1,17.8153015195748
"All Washed Up Harmar , 2404 Freeport Rd , Pittsburgh , PA , 15238",40.5336038,-79.8458897,1334.77,153.9,62.279,40.2,83.3,2839.51486,142.4,15.9683312373681
"All Washed Up Johnstown , 1119 Scalp Ave , Johnstown , PA , 15904",40.281186,-78.8627293,1205.49,161.5,110.915,58.5,114.6,2829.95627611111,137.3,18.6590098061232
"All Washed Up Munhall , 630 William Marks Dr , Homestead , PA , 15120",40.4096318,-79.8993024,1304.18,153.7,59.297,37.6,83.2,2845.20343833333,142,16.3401735908376
"All Washed Up Uniontown , 15 New Salem Rd , Uniontown , PA , 15401",39.9105773,-79.7474519,1361.33,161.2,61.761,40,86.3,2853.34882472222,150.2,15.7211013548918
"Amaranth , 200 W Amaranth Ln , Lincoln , NE , 68523",40.7445062,-96.7255223,770.51,88.8,50.799,26.2,103.3,3287.51508,115.1,22.6452405120144
"American Pride Smithfield , 1203 N Brightleaf Blvd , Smithfield , NC , 27577",35.5195152,-78.3146416,1278.87,127.5,8.092,3.8,34.1,3195.19602194444,141.9,16.5377664495846
"Aqua Breeze Car Wash , 150 E Felton Rd , Cartersville , GA , 30120",34.1971313,-84.7921299,1482.88,135.8,5.453,3.1,29.5,3179.5493925,148.2,15.239779923647
"Auto Suds Express West , 25th North 25th St. , Lebanon , PA , 17042",40.3402231,-76.4568065,1157.79,126.8,58.702,24.6,89.6,2959.82687083333,129.7,16.6981768844973
"AutoBrite Express , 211 N Cooper Dr , Henderson , NC , 27536",36.3328772,-78.4411117,1211.86,123.5,16.296,6.1,40.2,3152.46222944444,139.3,15.4863053372258
"Autosoak , 18711 S Gardner Rd , Gardner , KS , 66030",38.7887778,-94.9270292,1088.03,104,36.624,18,78.3,3186.95130722222,119.8,19.1754408264092
"Autosport Car Wash , 6628 Whittlesey Blvd , Columbus , GA , 31909",32.549643,-84.9331716,1317.63,124.1,0.462,0.4,14.2,3282.35509055556,153.4,14.9060667714649
"Avatar , 1623 S Poinciana Blvd , Kissimmee , FL , 34758",28.257958,-81.485298,1543.58,165.6,0,0,0.2,3441.96114972222,170.5,16.2984438206453
"Aztec , 1520 Aztec Blvd , Aztec , NM , 87410",36.8263159,-108.0119144,269.99,53.7,51.723,31.1,124.7,3807.85329305556,114.7,20.9023551164009
"B3 Car Wash , 611 Tenaha St , Center , TX , 75935",31.8038311,-94.1867481,1447.85,124.3,2.793,1.1,12,3186.26216277778,146.2,15.2462050303166
"BDP's Kwapa Car Wash , 3200 W Casino Dr , Somerton , AZ , 85350",32.6101385,-114.6549997,80.4,13.8,0,0,0.1,3963.01759194444,137.8,17.1374099109215
"BIG STEVES CAR WASH , 561 North Main St , Leominster , MA , 1453",42.55114,-71.7638088,1219.1,125.7,124.25,38.5,110.9,2934.81867833333,119.7,17.0778559772438
"Bella Stone Car Wash , 2413 Palermo Parkway , Temple , TX , 76502",31.0378299,-97.3912928,1080.27,107.5,2.695,1.6,9.6,3256.59837972222,137.3,20.8584900815929
"Berwick , 5702 Ogeechee rd , Savannah , GA , 31322",32.0285169,-81.2226747,1358,139.7,0.406,0.1,6,3369.88268638889,169,16.352365820795
"Big Dan's Crystal River , 517 NE 5th St , Crystal River , FL , 34429",28.8986604,-82.5859672,1258.29,144.7,0,0,0.9,3497.53294444444,170.8,16.7264214387304
"Big Dan's Fairburn , 7925 Senoia Rd , Fairburn , GA , 30213",33.5396761,-84.5776059,1551.66,138.8,2.604,1.3,27.6,3182.01288472222,160.9,16.2074603637997
"Big Dan's Hiram , 2850 Jimmy Lee Smith Pkwy , Hiram , GA , 30141",33.9019157,-84.77816,1529.34,141.9,5.488,2.9,29,3152.92086805556,159.7,15.4207505052773
"Big Dan's Lady Lake , 135 US-441 , Lady Lake , FL , 32159",28.9187793,-81.9229062,1247.22,149.2,0,0,0.7,3435.11555722222,169.5,17.0704599895202
"Big Dan's Toccoa , 2421 GA 17Alt , Toccoa , GA , 30577",34.5655692,-83.29788,1491.44,128.4,6.559,2.7,27.1,3206.39412861111,147.7,13.9337335878434
"Big Dan's Woodstock , 289 Ridgewalk Pkwy , Woodstock , GA , 30188",34.1195579,-84.5192049,1531.39,140.2,5.544,3.1,29,3162.00160583333,156.7,15.4779858522344
"Big Dan's Woodstock 2 , 300 Gold Creek Trail , Woodstock , GA , 30188",34.086258,-84.466738,1558.55,140,5.495,2.9,28.1,3155.23317055556,158,16.1799581555506
"Big Kahuna CW , 61 Commodore St , Hazard , KY , 41701",37.299364,-83.2012171,1249.01,139,33.544,19.7,61.6,3070.27014027778,153.1,15.1096436859046
"Big Peach Forsyth , 126 N Lee St , Forsyth , GA , 31029",33.0404585,-83.9400952,1256.3,127.1,0.329,0.5,15.9,3241.83108722222,155.1,14.0604871622127
"Big Peach Jackson , 583 E 3rd St , Jackson , GA , 30233",33.2947224,-83.9602247,1337.68,132.6,0.511,0.6,18.8,3197.2266925,154.7,14.4154105846246
"Big Peach Ola , 3479 Hwy 81 , McDonough , GA , 30252",33.4366472,-84.0385491,1429.74,136,0.882,1,22.4,3175.37606333333,155.1,14.9676001946253
"Big River Selma , 2409 N Broad St , Selma , AL , 36701",32.4325392,-87.0249312,1342.17,123,1.127,0.7,16.5,3298.88367638889,146,14.8652117673479
"Big River Troy , 1221 US-231 , Troy , AL , 36081",31.7801113,-85.949913,1310.49,131.5,0.637,0.4,13,3274.99444944444,157.2,15.029352795868
"Blanding , 580 Blanding Blvd , Orange Park , FL , 32073",30.1522001,-81.7514299,1229.4,148.2,0,0,2,3416.10103083333,171.3,16.9967091848192
"Blu Wave Express Wash , 306 E Franklin St , Sylvester , GA , 31791",31.5301708,-83.8334232,1186.25,125.5,0.21,0.3,8.4,3326.61367472222,154.7,17.92211655064
"Blu's Flex Serve Car Wash , 420 S Main St , Lumberton , TX , 77657",30.2490469,-94.1977178,1860.16,159.9,1.022,0.7,4.8,3151.52976944444,155.5,15.4840031439479
"Blue Penguin Griffin , 1475 N Expy , Griffin , GA , 30223",33.2738091,-84.2918572,1390.45,135.8,0.987,1,23.1,3195.11240388889,156.4,15.1007913017441
"Blue Rhino Car Wash , 3614 Cobb Pkwy NW , Acworth , GA , 30101",34.0440574,-84.6949093,1486.61,136.7,5.341,3.1,27.7,3133.44657555556,154.1,15.4069869002171
"BlueWave Alvin , 2002 E HWY 6 , Alvin , TX , 77511",29.4218032,-95.2267778,1872.66,164.7,0.616,0.6,3.5,3213.85448694444,158.6,19.8739572572797
"BlueWave Bibb , 645 South Bibb Ave , Eagle Pass , TX , 78852",28.6989033,-100.484934,538.86,61.1,1.393,0.8,2.8,3425.850315,130.3,21.1588991690995
"BlueWave Cibolo , 174 W Borgfeld Rd , Cibolo , TX , 78108",29.5725582,-98.2389545,1130.75,119.4,1.225,0.9,5.9,3169.17208694444,146.3,19.5487110562168
"BlueWave Conroe , 10345 Highway 242 , Conroe , TX , 77385",30.2091694,-95.4239756,1750.34,152.9,1.001,0.6,4.8,3142.68272222222,152.1,16.1909112208998
"BlueWave Del Rio , 2201 Veterans Blvd , Del Rio , TX , 78840",29.3891844,-100.9047145,508.2,65.6,1.939,1.1,3.3,3442.64681194444,132.1,23.4164190433416
"BlueWave Humble , 9719 N Sam Houston Pkwy E , Humble , TX , 77396",29.9355463,-95.2435561,1975.95,165.7,0.959,0.5,3.7,3149.80325916667,157.5,17.5954995134366
"BlueWave League City , 1740 W FM646 , League City , TX , 77573",29.4669391,-95.0874048,1942,165.4,0.63,0.6,2.9,3252.41236277778,159,20.124419492477
"BlueWave Livingston , 1829 US Highway 190 W , Livingston , TX , 77351",30.7176553,-94.9618149,1613.83,139.6,1.484,1,5.4,3183.1046975,148.3,17.7023776480275
"BlueWave Lumberton , 710 S Main St , Lumberton , TX , 77657",30.2423772,-94.196705,1860.16,159.9,1.022,0.7,4.6,3151.52976944444,155.5,15.4840031439479
"BlueWave Montgomery , 20210 Eva St Montgomery , Montgomery , TX , 77356",30.3886464,-95.6805365,1480.26,138.8,1.617,0.7,5.6,3145.92319722222,151.7,16.052486937645
"BlueWave Penitas , 1807 Expressway 83 , Penitas , TX , 78576",26.2440893,-98.4418103,633.26,78.5,0.119,0.2,0.8,3459.50686722222,116.1,24.3932612470993
"BlueWave Rio Grande , 4343 US-83 , Rio Grande City , TX , 78582",26.3442811,-98.7440723,575.1,72.9,0.189,0.3,0.9,3476.69756472222,110.6,24.5015324500337
"Bryant - N Reynolds Rd , 2116 N Reynolds Rd , Bryant , AR , 72022",34.6140151,-92.4977299,1366.99,121.2,7.609,4.8,31.7,3172.49232361111,128.9,15.0237855378397
"Buff It #2 , 1699 Stick Ross Mountain Rd , Tahlequah , OK , 74464",35.8919067,-94.9858551,1251.74,106.9,12.201,7.7,43.1,3199.22522305556,120.2,15.8444767572423
"Buff It Auto Wash , 1408 E Wade Watts Ave , McAlester , OK , 74501",34.9237442,-95.751091,1155.97,102.5,8.883,5.9,31.4,3256.98000888889,121.7,17.9215468223669
"Bulldog Car Wash , 2920 Atlanta Hwy , Athens , GA , 30606",33.9453994,-83.4395095,1370.42,131,2.45,1.7,23,3199.17464777778,148.2,14.5448118122614
"Burlington , 3155 E Agency St , Burlington , IA , 52601",40.8142028,-91.1381794,965.38,109.5,51.548,28.2,99.6,3084.01860861111,122.6,19.8925134366345
"Buster's Car Wash , 2409 Route 9 , Malta , NY , 12020",42.9635835,-73.7908461,1159.18,131.3,109.13,46,121,2939.32139333333,128.2,15.7143947151733
"CHAGRIN AUTO SPA , 8327 E Washington St , Chagrin Falls , OH , 44023",41.4140899,-81.344812,1229.29,164.4,114.366,61.5,103.3,2864.25876361111,141.1,17.8470669211767
"Cabot - Willie Ray Dr , 210 Willie Ray Dr , Cabot , AR , 72023",34.9816958,-92.0354003,1375.77,121.1,6.986,5.3,33,3182.89399777778,126.4,14.8793085560296
"Cajun Clean , 2240 Denny Ave , Pascagoula , MS , 39567",30.3703765,-88.5403641,1657.04,152.2,0.259,0.3,3.2,3344.40014416667,163.6,18.4610290440901
"Cajun Clean Gautier , 2235 US-90 , Gautier , MS , 39553",30.3903613,-88.6456867,1650.73,154.1,0.259,0.2,3.7,3331.57501055556,164.1,18.7726751253836
"Calhoun , 460 Hwy 53 , Calhoun , GA , 30701",34.4761289,-84.9279642,1433.62,133,5.404,3.2,35.6,3164.88329305556,147.7,14.4721044239838
"Caliber Inverness , 2001 Hwy 44 W , Inverness , FL , 34453",28.83717,-82.3558067,1317.03,150.7,0,0,1,3461.43045361111,172.1,16.3215442772663
"Canon City , 3110 E Main St , Canon City , CO , 81212",38.4465114,-105.1920275,371.01,64.5,74.781,38.2,127.9,3750.36037638889,121.8,19.0616977318662
"Capitol Car Wash , 3125 Airport Rd , Pierre , SD , 57501",44.3818768,-100.3122439,492.46,71.8,71.554,37.4,142,3330.25774416667,107.2,24.8024423983831
"Carisma Car Wash , 2407 W Dickinson Blvd , Fort Stockton , TX , 79735",30.8937579,-102.9062363,263.91,44.9,7.161,3.4,15.6,3759.22364805556,139.1,25.8716656935399
"Carmel Car Wash 3 , 2003 S Goliad St , Rockwall , TX , 75087",32.9118499,-96.4511337,1391.93,114.7,2.968,2.3,15.2,3209.94427416667,134.1,21.8130398233401
"Cartersville , 1330 Joe Frank Harris Pkwy SE , Cartersville , GA , 30120",34.2071766,-84.8163398,1482.88,135.8,5.453,3.1,28.8,3179.5493925,148.2,15.239779923647
"Cartersville , 9 Hillview Ave NE , Cartersville , GA , 30121",34.2065892,-84.8002252,1482.88,135.8,5.453,3.1,29.5,3179.5493925,148.2,15.239779923647
"Castaway Car Wash , 1686 S 8th St , Fernandina Beach , FL , 32034",30.6479175,-81.4592685,1336.65,151,0,0,1.8,3421.39977666667,180.6,18.3008821768096
"Cedar Town , 1559 Rome Hwy , Cedartown , GA , 30125",34.045311,-85.2369717,1422.72,137.9,4.893,2.8,27.8,3193.03543944445,150.9,14.5933340818924
"Champion - Old Hickory , 1432 Robinson Rd , Old Hickory , TN , 37138",36.2568948,-86.6562578,1771.57,147.1,14.315,9,39.9,3068.14213916667,133.1,14.6832306310353
"Champion CW - HENDER , 1159 W Main St , Hendersonville , TN , 37075",36.3085083,-86.6632137,1764.96,147.9,14.728,10,43.7,3046.73189055556,133.2,14.5972418594206
"Champion CW - PLVIEW , 101 Ren Mar Dr , Pleasant View , TN , 37146",36.397869,-87.030783,1581.69,141.3,16.429,10.4,47.9,3085.53826555556,135.9,14.8469997005764
"Champion Car Wash , 930 Old US Hwy 1 , Southern Pines , NC , 28387",35.1677913,-79.4033042,1278.24,125.9,7.049,4.1,31.9,3194.69091694444,147.3,16.2131746388203
"Champions CW , 20118 Stone Oak Parkway , San Antonio , TX , 78258",29.6260576,-98.4953595,1085.54,121.5,1.47,1.2,6.3,3213.25791,155.6,17.8475231679018
"Champs Car Wash , 775 N Mustang Rd , Tuttle , OK , 73089",35.3019905,-97.7245565,886.25,86.1,14.07,8.1,42.5,3406.34780722222,114.4,21.4018910098061
"Clarksville , 1606 Haynes St , Clarksville , TN , 37043",36.515143,-87.315686,1448.6,134,15.491,10.1,47.6,3106.75364722222,132.3,14.8115457743843
"Classic Auto Wash , 289 N Comrie Ave , Johnstown , NY , 12095",43.0191956,-74.3623202,1236.24,137.1,132.769,56.7,131.7,2881.33088722222,127.5,15.9565116400928
"Clean Wheels , 3919 Cheyenne Street , Cheyenne , WY , 82001",41.1469765,-104.7615591,431,82.6,120.372,61.3,141.6,3572.85437916667,117.8,27.8258777603114
"ClearWater - Burleson , 279 NW John Jones Dr , Burleson , TX , 76028",32.523754,-97.3526833,1102.71,99.6,3.199,2.7,14.6,3312.9096425,139.5,20.4093639493974
"ClearWater - Cleburne , 809 W Henderson St , Cleburne , TX , 76033",32.3440449,-97.3974471,1063.32,97.3,2.912,2.9,15.7,3341.80742416667,141.5,22.0665574519051
"ClearWater - Conroe 105 , 14667 Hwy 105 West , Montgomery , TX , 77356",30.3539021,-95.5851161,1573.71,141.5,1.337,1,4,3157.97244416667,150.9,16.2192151358635
"ClearWater - Houston 249 , 6421 West Rd , Houston , TX , 77086",29.9123294,-95.4837309,1846.01,159.5,1.001,0.5,4.8,3166.70788916667,154.5,19.0096015420316
"ClearWater - Magnolia , 14206 Farm to Market Rd 1488 , Magnolia , TX , 77354",30.2243894,-95.68431,1580.65,149.1,1.204,0.7,5.7,3136.87014833333,153.7,15.6134423983831
"ClearWater - Willis East , 111 Holland St , Willis , TX , 77378",30.4229852,-95.4861172,1604.26,145.5,1.309,0.9,5.3,3144.42343833333,154.5,16.2654623100532
"Clearview Car Wash East Tawas , 1748 US-23 , East Tawas , MI , 48730",44.2909221,-83.4528286,844.32,120.3,100.492,58.2,123.8,2924.18914416667,122.1,20.5052035331986
"Clearview Car Wash Oscoda , 5232 N U.S. 23 , Oscoda , MI , 48750",44.432142,-83.3297029,839.67,119.4,101.108,59.5,122,2916.1883175,120.2,20.8187426454076
"Clearview Car Wash Ripley , 135 S Ripley St , Alpena , MI , 49707",45.0606433,-83.4526433,881.62,124.8,120.148,71.7,134.3,2841.93027611111,119,18.494288344936
"Clearview Car Wash State Street , 105 Mason St , Alpena , MI , 49707",45.0475512,-83.4484188,881.62,124.8,120.148,71.7,133.7,2841.93027611111,118.4,18.494288344936
"Coastline Express , 4447 Main St , Shallotte , NC , 28470",33.984025,-78.3666889,1539.89,139.7,1.106,0.7,14.6,3343.60639861111,163.3,19.1197866606782
"Conway - Old Morrilton Hwy , 1505 Old Morrilton Hwy , Conway , AR , 72032",35.1113002,-92.4448947,1364.72,121.3,7.245,4.6,35.3,3200.82877638889,127.3,14.7737311175986
"Coors , 5401 Sevilla Ave NW , Albuquerque , NM , 87120",35.1411474,-106.6991857,265.96,47.9,31.164,19.1,82.7,3824.32967888889,114,21.9420126506475
"Corinth , 2210 S Harper Rd , Corinth , MS , 38834",34.9120866,-88.5034177,1382.31,130.9,7.616,4.3,33,3165.44611722222,132.9,14.9300443146942
"Covington , 29 Robbins Rd , Covington , TN , 38019",35.5436772,-89.663502,1346.48,122.9,9.303,6.5,38.7,3187.28539361111,131.5,16.6576635975747
"Crystal Clean Auto Spa , 75 Old HWY 96 , Bonaire , GA , 31005",32.5488135,-83.5955388,1131.06,121.3,0.364,0.4,13.8,3297.97635722222,149.8,15.7598998428026
"DAVID CHEVROLET , 10225 Niagara Falls Blvd , Niagara Falls , NY , 14304",43.0986208,-78.9422278,1033.09,141.3,101.773,60.8,108.8,2879.18541583333,132.7,20.1894825211468
"DON'S EXPRESS CARWASH , 200 Waldon Rd , Harlan , KY , 40831",36.8192661,-83.3184822,1374.96,144.8,34.965,20.3,52.1,3108.55674194444,153,14.8097549217756
"Dallas Kwik-Mart , 2384 Memorial Highway , Dallas , PA , 18612",41.3313887,-75.9536603,1147.81,134.1,86.695,41.2,110.4,2956.74945972222,133.8,15.7576996781196
"Daybreak Market , 19701 Cochran Blvd , Port Charlotte , FL , 33948",27.0167144,-82.1334659,1381.87,152.1,0,0,0.1,3573.99342027778,162,17.6680899767947
"Delta , 1201 Valley View Dr , Delta , CO , 81416",38.751272,-108.055851,291.34,59.4,70.7,40.1,137.3,3751.06727333333,114.1,13.8216291638596
"Detricks Conway , 2280 Church St , Conway , SC , 29526",33.85278,-79.0754414,1409.84,134.5,1.183,1.1,14.4,3304.50262805556,156,18.2886701100382
"Detricks Glenforest , 1036 Glenforest Rd , Myrtle Beach , SC , 29579",33.7547775,-78.9635923,1466.59,141.1,0.679,0.8,12.6,3344.21233444444,162,17.026117299199
"Diamond Express , 1801 Lander Ave , Turlock , CA , 95380",37.475985,-120.8494004,440.65,47.9,0.203,0.5,4.2,3714.56115916667,126.7,14.7152965042294
"Dickys Bluffton , 1930 N Main St , Bluffton , IN , 46714",40.7705245,-85.166528,1022.67,128.5,54.068,35.4,96.9,2944.57217916667,138,21.859746912194
"Dickys Decatur , 1022 S 13th St , Decatur , IN , 46733",40.818633,-84.939277,1016.93,127.1,53.669,34.6,96.4,2948.83770888889,137.8,21.8223051126581
"Dickys Huntington , 2600 Walmart Dr , Huntington , IN , 46750",40.898213,-85.5135535,991.9,126.5,56.539,35.8,99,2945.37918583333,137.7,21.0856623250243
"Dog House Auto Spa , 731 W Rogers Blvd , Skiatook , OK , 74070",36.3682186,-96.0117013,1137.87,101.8,11.466,7.2,44.3,3260.94973805556,114.8,17.8325141103376
"EXPRESS AUTO WASH , 7167 NY-54 , Bath , NY , 14810",42.3490756,-77.3089603,1006.79,142.4,110.719,68,115.7,2814.53278555556,132.1,17.0514266786436
"Eastlake , 13509 Eastlake Blvd , El Paso , TX , 79928",31.6986017,-106.2213483,206.1,33.3,5.418,3.8,27.6,3885.52476111111,126.5,23.0129397409986
"Edge Express Garner , 4717 NC-42 , Garner , NC , 27529",35.6108709,-78.5531604,1300.34,126,9.415,4.3,29.5,3196.76157805556,143.3,16.0423716595554
"Edge Express Shelby , 925 E Dixon Blvd , Shelby , NC , 28152",35.2744626,-81.5270426,1212.41,121.6,11.277,4,37,3220.73348944445,139.9,14.2486699603264
"Edge Express Shelby 2 , 1696 E Dixon Blvd , Shelby , NC , 28152",35.2728672,-81.5051658,1212.41,121.6,11.277,4,38.5,3220.73348944445,141.9,14.2486699603264
"Edgewood , 3 NM Hwy 344 , Edgewood , NM , 87015",35.1482669,-106.1914196,330.05,61.3,59.003,28.5,118.3,3833.50957305556,142.3,20.8904949472266
"Elks Edge , 547 CC Camp Rd , Elkin , NC , 28621",36.2787554,-80.8330241,1226.61,122.6,20.223,8.6,54.9,3178.72271472222,146.7,13.2860215584999
"Espanola , 1319 N Riverside Dr , Espanola , NM , 87532",36.0111124,-106.0636052,250.3,50.7,50.127,28.1,116,3845.11869416667,132.5,19.0438330713377
"Express Wash Kissimmee , 1095 Amber Pointe Blvd , Kissimmee , FL , 34744",28.280829,-81.344289,1527.36,163.2,0,0,0.2,3435.99610555556,171.6,16.3076869526162
"Express Wash Lakeland , 5430 Florida Ave S , Lakeland , FL , 33813",27.9665149,-81.9645933,1408.8,163.2,0,0,0.3,3445.53184833333,168.7,16.5567942959802
"FASTLANE EXPRESS CAR WASH , 924 E 30th Ave , Hutchinson , KS , 67502",38.087,-97.9111,742.96,82.4,23.555,15.7,77.3,3425.84969361111,111.2,22.8245225690546
"FLAVO_N.Hwy27 , 1101 US-27 , Avon Park , FL , 33825",27.608686,-81.515066,1413.31,161.2,0,0,0.1,3490.14868861111,167.1,16.5148988696759
"FLLAK_Hwy27 , 23461 US-27 , Lake Wales , FL , 33859",27.9519851,-81.6185727,1433.57,160.8,0,0,0.2,3460.55901138889,169.5,17.0649643685905
"Fairborn Car Wash , 1052 Kauffman Ave , Fairborn , OH , 45324",39.8098171,-84.0258805,1136.97,132.8,44.429,29.3,88.6,2963.77410888889,141.7,18.1884257803728
"Fairhope , 20310 AL-181 , Fairhope , AL , 36532",30.521774,-87.8517334,1665.16,146.8,0.119,0.2,3.1,3395.59406916667,166.6,18.9740449883973
"Fast Pass Car Wash , 638 North H Street , Lompoc , CA , 93436",34.6486028,-120.4570624,396.9,41.3,0.154,0.3,0,3734.52045,177.6,19.9126097761809
"Fenton , 3709 Owen Rd , Fenton , MI , 48430",42.7891069,-83.7442545,930.07,131.7,86.912,55.9,114.4,2830.62052611111,132.8,18.8907433191107
"Fernandina Beach , 474339 SR 200 , Fernandina Beach , FL , 32034",30.61808,-81.514613,1336.05,150.9,0,0,1.8,3418.68090472222,179.8,18.2580256755745
"Fine N Shine , 1304 TX-121 , Bonham , TX , 75418",33.5867548,-96.1921253,1267.82,106.7,3.892,3.4,22.2,3222.55494194444,129.5,19.1335127629314
"Five Star Boone , 1200 Blowing Rock Rd , Boone , NC , 28607",36.2034723,-81.6668446,1541.77,158.5,46.823,24.8,76.9,3205.62275388889,158.5,17.0143725578262
"Five Star Statesville , 117 Turnersburg Hwy , Statesville , NC , 28625",35.8085295,-80.8764773,1191.59,120,14.504,6,45.8,3182.43798722222,137.4,14.125646455573
"Fleming Island , 1725 Eagle Harbor Pkwy , Fleming Island , FL , 32003",30.1027697,-81.7048645,1219.85,149.8,0,0,0.7,3440.60552388889,173.6,16.2588859196048
"Flex Wash , 1285 U.S. 31 N , Petoskey , MI , 49770",45.3896578,-84.9129299,975.37,142.6,154.931,86.4,130.8,2795.15501777778,121.8,21.2509414626843
"Florence , 2339 David H McLeod Blvd , Florence , SC , 29501",34.1874969,-79.8197635,1227.97,124,2.205,1.3,18.9,3297.69726444444,146.4,18.8989346507972
"FoamWorks Brunswick , 5200 Altama Ave , Brunswick , GA , 31525",31.2061049,-81.4822407,1323.38,142.3,0,0,2.1,3408.11966305556,170.9,21.0210212590763
"FoamWorks Cordele , 1305 16th Ave E , Cordele , GA , 31015",31.9624515,-83.7617001,1075.3,119.1,0.154,0.2,10.3,3341.80507527778,153.4,17.9319626469047
"FoamWorks Hartley Bridge , 4701 Hartley Bridge Rd , Macon , GA , 31216",32.744358,-83.725563,1154.63,122.5,0.476,0.4,18.7,3233.20988638889,152.8,15.5149443072086
"FoamWorks Lithia Springs , 369 Westfork Ct , Lithia Springs , GA , 30122",33.7942326,-84.633738,1543.06,139.5,3.913,2.3,27.5,3152.92318416667,156.6,16.0949131671532
"FoamWorks Riverside , 4780 Riverside Dr. , Macon , GA , 31201",32.9217734,-83.7107966,1216,126.4,0.357,0.6,11.9,3216.16424027778,150.2,14.1646799910173
"FoamWorks Thomaston , 5551 Thomaston Rd. , Macon , GA , 31220",32.8344408,-83.742574,1193.54,122.5,0.301,0.4,17.2,3248.54159583333,153.1,14.5067623325099
"FoamWorks Vidalia , 203 Rigsbee Dr , Vidalia , GA , 30474",32.2110446,-82.3949092,1136.6,121.4,0.287,0.4,10,3325.84874472222,153.9,17.4636281158769
"Forest City , 157 Plaza Dr , Forest City , NC , 28043",35.3341532,-81.8970099,1272.86,120.5,13.097,4.2,44.5,3238.02226388889,143.6,13.6847264016768
"Fort Smith - Highway 71 , 12114 US-71 , Fort Smith , AR , 72916",35.2690562,-94.3700276,1227.06,110.5,8.379,4.9,37.1,3221.62335,120.6,15.0900995583502
"Fort Smith - Massard Rd , 5800 Massard Rd , Fort Smith , AR , 72903",35.3260818,-94.3415391,1247.43,108.9,8.386,4.9,36.9,3219.56449722222,119.1,15.1551099633206
"Fresh Wash - Braselton , Exchange Way , Braselton , GA , 30517",34.1223755,-83.7642661,1503.46,134,4.473,2.1,23.4,3181.10231416667,150.9,14.5866001946253
"Ft Walton -Beal , 794 Beal Pkwy NW , Fort Walton Beach , FL , 32547",30.446616,-86.63932,1693.16,149.2,0.014,0.1,3.4,3362.95085083333,171.4,18.0843906729546
"GAWOO_Eagle , 2907 Eagle Dr , Woodstock , GA , 30189",34.113012,-84.5571699,1511.95,138.9,5.446,3,29.1,3152.01641972222,155.7,15.6433135713751
"Galesburg , 334 E Carl Sandburg Dr , Galesburg , IL , 61401",40.9761518,-90.3654388,975.64,115.5,59.164,31.3,103.8,3072.37137222222,127.5,20.6097701923797
"Gallup 49 , 1060 US-491 , Gallup , NM , 87301",35.5382265,-108.7581009,266.47,57.3,68.012,35.8,110.4,3832.04927194444,133.6,26.0164185193502
"Gallup 66 , 1300 E Historic Hwy 66 , Gallup , NM , 87301",35.529778,-108.7220066,266.47,57.3,68.012,35.8,111.6,3832.04927194444,133.9,26.0164185193502
"Gardendale , 420 Fieldstown Rd , Gardendale , AL , 35071",33.6522172,-86.8173304,1386.52,130.1,3.129,2.3,25.9,3222.73465277778,151.3,15.2610256007186
"Georgetown , 20945 N Dupont Blvd , Georgetown , DE , 19947",38.6892922,-75.3972612,1240.08,129.6,27.72,10.7,50.9,3136.05548,134.5,18.4344666516955
"Go Clean Car Wash Eufaula , 1 Veteran Blvd , Eufaula , AL , 36027",31.842735,-85.1676913,1224.69,122.6,0.28,0.2,6,3300.84360833333,154,14.6565083464331
"Go Clean Mobile City , 6658 Mobile Hwy , Pensacola , FL , 32526",30.4763011,-87.3079223,1800.35,161.2,0.049,0.1,5.7,3331.38872138889,168.5,15.7746952616214
"Go Clean Monroe , 3218 N Monroe St , Tallahassee , FL , 32303",30.4864428,-84.3167069,1326.97,137.5,0.154,0.1,4.2,3319.35924388889,169,14.6687213863313
"Go Clean Pensacola , 8897 Pensacola Blvd , Pensacola , FL , 32534",30.5263517,-87.2756117,1630.82,158.2,0.063,0.2,5.5,3360.49850416667,169.2,17.4317992364698
"Granite Falls , Riverbend Club Point , Granite Falls , NC , 28630",35.7892015,-81.3806659,1269.97,122.9,16.576,6.1,43.2,3218.62908888889,140.4,13.6231070439404
"Great North Auto Wash , 2701 N Lincoln Rd , Escanaba , MI , 49829",45.780323,-87.0842742,885.15,116.6,122.031,64.6,139.4,2872.74495861111,115.1,20.097813683659
"Greenbrier - S Broadview St , 98 S Broadview St , Greenbrier , AR , 72058",35.2228379,-92.3876296,1387.26,119.6,7.553,5.5,38.8,3190.17334333333,125.2,14.3783921700726
"Grime Scene , 513 TX-114 , Levelland , TX , 79336",33.5944716,-102.3586622,377.15,55,13.111,7.4,45.4,3691.67305194444,133.3,24.999585897148
"Gwatzilla Car Wash , 1701 T P White Dr , Jacksonville , AR , 72076",34.8820519,-92.1105156,1402.42,120.3,6.664,4.6,30.5,3195.93727444445,126.3,15.0299646680141
"H2GLO CAR WASH , 1905 Electric Rd , Cave Spring , VA , 24018",37.2475657,-80.0346677,1187.81,118.3,33.915,11.9,62,3178.03926083333,143.5,14.6488660079347
"Hall of Fame Carwash , Gateway Blvd , Leland , NC , 28451",34.213539,-78.0197913,1523.61,139.2,2.044,1,13.4,3328.80868416667,160.5,17.4215251890112
"Hampstead , 38 Dan Owen Dr , Hampstead , NC , 28443",34.3656598,-77.7116709,1515.87,141.3,2.681,1.3,11.8,3302.93551861111,160.8,17.4226293135714
"Happy Car Wash Albany , 527 NW North Albany Rd , Albany , OR , 97321",44.6428313,-123.1126361,1220.03,131.4,23.45,14.9,30.7,2987.92805555556,125.4,16.0058778351673
"Hercules/Elite Care Auto , 1401 Lexington Ave , Mansfield , OH , 44907",40.72053,-82.5435665,1118.07,144.8,75.061,46.9,102.7,2905.00407916667,143.6,19.6010869825586
"Hernando , 2660 McIngvale Rd , Hernando , MS , 38632",34.8209976,-89.9712562,1498.88,129.2,8.428,3.9,30.8,3181.8256875,133.7,14.9466992289842
"Heroes Car Wash Asheville , 2000 Hendersonville Rd , Asheville , NC , 28803",35.4858828,-82.5247986,1105.32,125.6,24.325,10.2,61.9,3267.67821222222,171.3,15.6914822965791
"Heroes Express 6050 , 6050 Wade Hampton Blvd , Taylors , SC , 29687",34.9354072,-82.2761998,1279.22,120,11.088,3.8,35.2,3249.0429275,140.2,15.7429853282431
"Heroes Express Pleasantburg , 3107 N Pleasantburg Dr , Greenville , SC , 29609",34.8869993,-82.3956837,1300.39,121.7,11.382,3.6,35.8,3237.18424194444,141.8,15.55512732989
"Heroes Express Salisbury , 1420 E Innes St , Salisbury , NC , 28146",35.6543588,-80.4565091,1181.27,117.9,14.098,5.2,40.8,3184.73070444444,138.7,14.6540795718242
"Howell 2 , 4550 E Grand River Ave , Howell , MI , 48843",42.5818921,-83.8629198,935.68,130.2,83.02,52.5,115.7,2851.67444138889,133.8,18.7436880754548
"Huntsville , 1020 Pear Drive , Huntsville , TX , 77320",30.7189698,-95.5677495,1459.61,133.2,2.107,1.2,7,3170.64357416667,150.4,16.5767337375552
"I-91 Express Wash , 168 Bridge St , East Windsor , CT , 6088",41.9312928,-72.606885,1234.86,124.2,80.15,30.9,104,2927.25429888889,125.1,15.8386385208474
"In and Out , 1430 N U.S. Hwy 41 , Ruskin , FL , 33570",27.7311395,-82.4344133,1301.46,152.5,0,0,0.2,3535.72851833333,163.8,18.3085746687626
"In-N-Out Car Wash , 12883 US-68 , Kenton , OH , 43326",40.6332275,-83.6155622,1024.33,132.3,55.608,35.7,97.4,2947.40426388889,139.8,21.8462448536567
"Indian Harbour , 600 E Eau Gallie Blvd , Indian Harbour , FL , 32937",28.1389437,-80.5905792,1189.95,163.8,0,0,0,3540.75756388889,176.1,21.1239327793997
"JC AUTO WASH , 701 S Dewey St , North Platte , NE , 69101",41.127653,-100.762632,581.74,75.5,64.855,32.6,128.8,3433.52970888889,114.4,23.1132587019987
"JJ Express Car Wash , 2185 US-70 , Thatcher , AZ , 85552",32.8380212,-109.7363483,225.14,33,3.549,3.1,7.9,3880.71349111111,111.6,20.2932351223894
"JJ's Car Wash Dickinson , 404 FM 517 W , Dickinson , TX , 77539",29.4452705,-95.0838394,1904.9,166.7,0.679,0.6,3.3,3252.70853277778,158.5,20.0909745489932
"JJ's Car Wash Friendswood , 2221 W Parkwood Ave , Friendswood , TX , 77546",29.4855535,-95.2153615,1920.97,165.5,0.581,0.5,3.5,3208.38243694444,158.1,19.7970163934426
"Jallo - Land O Lakes , 15474 State Rd 52 , Land O' Lakes , FL , 34638",28.330187,-82.5597081,1496.13,158.1,0,0,0.6,3462.29326472222,174.9,15.9863584100606
"Jammin Car Wash , 21356 Walmart Way , Lutz , FL , 33548",28.1769847,-82.4647521,1534.39,159.7,0,0,0.4,3478.49318055556,172.2,16.3463219552362
"Jet Express Carwash , 1501 S Main St , Blacksburg , VA , 24060",37.213749,-80.3998376,994.54,118.9,36.841,16.2,85.7,3152.89889472222,156.1,14.9350250767273
"Jet Express Franklin , 1121 Georgia Rd , Franklin , NC , 28734",35.158971,-83.392801,1225.78,133.9,19.747,9.4,50.7,3193.09370833333,179.8,12.9609879481997
"Jim Wood Washland , 1925 Silver City Hwy NW , Deming , NM , 88030",32.282669,-107.759936,198.12,35.1,5.383,5.4,24.8,3885.35072694444,124.3,28.0563139456546
"Joe's Premium Car Wash , 1905 E Robertson Blvd , Chowchilla , CA , 93610",37.126561,-120.2444694,467.11,46.5,1.498,0.8,10.3,3768.84086388889,118.3,14.4486408413803
"John's Auto Spa Nappanee , 2000 E. Market St , Nappanee , IN , 46550",41.4430698,-85.9784108,1077.19,131.1,71.967,44.7,105.5,2900.38695416667,137.4,22.0284782543604
"KUHNSVILLE CAR WASH , 5627 Tilghman St , Allentown , PA , 18104",40.5927909,-75.5866384,1223.44,128.1,66.514,26.7,97.1,2947.3051175,129.8,17.356049854031
"KWIK CAR WASH , 4000 Catnip Hill Rd , Nicholasville , KY , 40356",37.9290658,-84.5501918,1351.02,136.3,31.808,19.1,67.6,3031.29114527778,143.8,15.2263450108541
"KYLOU_CaneRun , 4860 Cane Run Rd , Louisville , KY , 40216",38.1806517,-85.8589994,1281.92,129.9,24.381,17.1,62.2,3077.48038083333,130.1,15.6744870125009
"KYWIN_Codella , 160 Codella Dr , Winchester , KY , 40391",37.9897787,-84.2095068,1268.41,136.6,32.403,19.5,69.7,3039.98808722222,145.3,15.0718935549068
"Kennesaw , 1585 Crater Lake Dr , Kennesaw , GA , 30152",33.9969501,-84.5907868,1563.23,142.3,5.264,2.7,28.4,3157.91132611111,157.4,16.1565684557227
"King's Car Wash , 1116 W Corbett Ave , Swansboro , NC , 28584",34.7019676,-77.148783,1572.91,139.2,3.619,1.7,12.8,3286.17247583333,157.8,19.7974207650273
"Klemm Express , 4 Mall Road , Salem , NH , 3079",42.7693178,-71.2293634,1189.65,121,118.846,37.2,108.6,2929.4114525,119.6,17.2622159592784
"Klemm Express Inbay , 4 Mall Road , Salem , NH , 3079",42.7693327,-71.2293089,1189.65,121,118.846,37.2,108.6,2929.4114525,119.6,17.2622159592784
"LOUISVILLE , 1670 Alliant Ave , Louisville , KY , 40299",38.218812,-85.538056,1368.37,133.6,26.117,18.6,69.2,3067.08578888889,143.6,15.6594544501834
"Lafayette , 2142 N Main St , LaFayette , GA , 30728",34.7403079,-85.2723458,1389.17,132.9,6.265,4.5,36.6,3137.93307055556,145.1,13.4807549217756
"Lake Effect , 145 George St , Oswego , NY , 13126",43.4624732,-76.4847243,1295.66,169.7,151.431,73.8,93.3,2840.43879444444,129,22.6175930084587
"Lake Wales , 2043 State Road 60 E , Lake Wales , FL , 33859",27.9031047,-81.6223701,1409.97,160.7,0,0,0.2,3472.3370875,169.2,16.9906292387155
"Lakes Edge , 7916 Bradley Long Dr , Sherrills Ford , NC , 28673",35.5832605,-80.9887544,1169.43,117.4,12.908,5.7,32.3,3206.46271222222,138.4,14.6190788232652
"Lakeside Auto Wash , 617 N Mitchell St , Cadillac , MI , 49601",44.2553229,-85.4038692,932.47,138.9,140.735,82.8,141.6,2779.19589555556,124.9,19.4691566734037
"Las Vegas , 2608 7th St #Nm-518 , Las Vegas , NM , 87701",35.6210093,-105.224725,450.5,73.1,76.202,33.4,126.5,3798.83444527778,138.5,19.5882422337001
"Legacy Express Wash , 2583 E 5th Ave , Columbus , NE , 68601",41.4412727,-97.3205261,753.87,86.7,55.034,29.8,116.8,3265.41962444444,118.4,22.6353791451456
"Lightning Fast , 2045 W Oaklawn Rd , Pleasanton , TX , 78064",28.940437,-98.5105038,877.76,99.3,0.861,0.8,3.6,3275.76246055556,135,20.2631489632458
"Local Car Wash , 331 W Loudon St , Chambersburg , PA , 17201",39.9361714,-77.667148,1053.94,122.5,56.819,24.7,86.4,2968.41780638889,131,15.5215123137959
"Los Lunas , 250 Main Street NE , Los Lunas , NM , 87031",34.8070818,-106.7335652,257.02,48.4,25.382,16,76.5,3850.44297,113.7,20.228080544951
"Lowell Road Hudson , 215 Lowell Rd , Hudson , NH , 3051",42.7332558,-71.4259764,1187.66,123.6,117.859,36.7,111.3,2939.23376,119.5,16.9524815480201
"MONKEY SHINE , 2518 Bob Bullock Loop , Laredo , TX , 78045",27.6139336,-99.4674955,508.21,64.6,0.189,0.3,1.7,3439.90011861111,123.2,23.7324490605584
"MURRAY AUTO SPA , 1530 HWY 121 N BYPASS , MURRAY , KY , 42071",36.588976,-88.29729,1348.7,126,17.416,10,45.7,3161.50316166667,129.7,15.6823393218055
"Madison , 155 Plaza Blvd , Madison , AL , 35758",34.7099342,-86.7423193,1460.98,133.8,5.95,3.8,36.3,3175.88250555556,144.2,15.3433515233176
"Magic City Car Wash , 619 N Broadway , Minot , ND , 58703",48.2427558,-101.2970504,466.19,76.2,84.693,55.9,160.9,3171.64108527778,113.8,23.3674788532076
"Magic Hillsboro , 1455 N High St , Hillsboro , OH , 45133",39.227106,-83.610754,1116.26,134.7,40.264,25.9,84,2989.17285555556,143.7,19.0431092896175
"Maricamp , 125 Bahia Ave Ct , Ocala , FL , 34472",29.113887,-82.021699,1229.95,145.9,0,0,1.3,3416.20160416667,169.7,15.8201232128153
"Marshalltown , 2401 S Center St , Marshalltown , IA , 50158",42.0174381,-92.9132424,946.76,104.1,64.617,35.8,118.6,3108.40711972222,131.6,22.4634983905981
"Maumelle - Audubon Dr , 117 Audubon Dr , Maumelle , AR , 72113",34.8516173,-92.4055153,1307.92,121.3,7.168,5,29,3194.19154694444,126.2,15.4656209297103
"Moby's Car Wash , 421 E Martintown Rd , North Augusta , SC , 29841",33.4957275,-81.95777,1149.36,117.2,0.49,0.8,15.7,3299.69846222222,143.7,16.5832206752002
"Mojo Xpress Hopkins Center , 141 Hopkins Corner Dr , Waynesboro , GA , 30830",33.1062462,-82.0253351,1150.62,114.5,0.329,0.4,12.8,3324.45711138889,149.8,17.1878308256606
"Mojo Xpress Wash , 332 South Green St , Swainsboro , GA , 30401",32.5899945,-82.3302568,1145.37,118.5,0.308,0.4,11.3,3331.81143638889,152.6,16.5884940489558
"Monster Car wash AZ , 6640 N Viewpoint Dr , Prescott Valley , AZ , 86315",34.6376297,-112.3364188,328.13,54.5,32.655,16.3,64.4,3849.92595555556,128.3,18.7768047758066
"Monster Wash , 7020 U.S.Highway 181 N , Floresville , TX , 78114",29.2311555,-98.245306,973.52,109.8,1.113,0.8,3.7,3250.01529166667,140.3,20.253397260274
"Morrilton - E Harding St , 1803 E Harding St , Morrilton , AR , 72110",35.1704143,-92.719885,1308.44,117,8.274,5.4,33.5,3183.88754638889,122.8,14.2840577887566
"Mountain Edge , 200 E Commonwealth Dr , Wytheville , VA , 24382",36.9600105,-81.0960388,1030.17,128.3,39.641,20.8,83.8,3128.61379583333,160.5,16.0414180702148
"Mountain Express #1 , 226 Old Chimney Rock Rd , Hendersonville , NC , 28792",35.3457861,-82.4322737,1370.16,135.4,23.793,8.2,55.4,3245.93791055556,172.8,16.3617572423086
"Mountain Express #2 , 821 Shepherd St , Hendersonville , NC , 28792",35.2989673,-82.4359153,1370.16,135.4,23.793,8.2,55.1,3245.93791055556,172.8,16.3617572423086
"Mr Clean Blairsville , 262 GA-515 , Blairsville , GA , 30512",34.8794923,-83.9556608,1391.28,144.5,15.638,11.2,44.7,3196.67904,173.5,15.1967365820795
"Mr Clean Canton , 220 Riverstone Pkwy , Canton , GA , 30114",34.2440227,-84.488294,1555.19,138.8,6.153,3,26.7,3145.53066972222,152.3,14.7660942435811
"Mr Clean Dahlonega , 45 Morrison Moore Pkwy W , Dahlonega , GA , 30533",34.5257347,-83.9789743,1635.66,136.2,9.058,3.7,32.1,3123.66896916667,163.7,14.4111097387529
"Mr Clean DeBary , 215 N Charles Richard Beall Blvd , DeBary , FL , 32713",28.8994251,-81.3049194,1536.64,166.6,0,0,0.4,3415.86892222222,178.3,15.3313848341942
"Mr Clean Leesburg , 1396 W N Blvd , Leesburg , FL , 34748",28.8277769,-81.8866092,1272.7,150.5,0,0,0.4,3413.90274083333,171.2,17.4723099034359
"Mr Clean Loganville , 4840 Atlanta Hwy , Loganville , GA , 30052",33.8331639,-83.8811731,1464.03,134.7,2.261,1.9,25.6,3172.95165111111,152.6,15.6582125907628
"Mr Clean Orange Park , 890 Blanding Blvd , Orange Park , FL , 32065",30.1418889,-81.7681268,1229.4,148.2,0,0,2.1,3416.10103083333,172.4,16.9967091848192
"Mr Clean Oxford , 11822 US-301 , Oxford , FL , 34484",28.9285765,-82.0378868,1285.81,151.1,0,0,1.4,3435.07193027778,172,16.607707088854
"Mr Clean Sharpsburg , 18 Bailey Station Dr , Sharpsburg , GA , 30277",33.4081197,-84.6736447,1455.3,136.4,2.415,1.6,26,3173.03304361111,156.6,16.1414059435587
"Mr D Car Wash , 525 E Sumner St , Hartford , WI , 53027",43.3168236,-88.3718484,916.11,116.2,92.533,50.6,128.2,2955.07071555556,129.2,19.2280994086384
"Mr. B's Car Wash - Sumiton , 878 Hwy 78 , Sumiton , AL , 35148",33.7450899,-87.0469626,1437.92,129.5,2.758,2.4,27.9,3215.74942722222,147.7,14.0474099109215
"My Wash , 3804 S Western , Marion , IN , 46953",40.523313,-85.6753078,1064.85,128.3,52.402,34.2,96.1,2961.48245972222,139.1,21.3269773935175
"NCGOL_N.Berkeley , 508 N Berkeley Blvd , Goldsboro , NC , 27534",35.3745497,-77.9443943,1302.23,126.4,7.091,3.6,27.5,3200.18847805556,146.1,17.0300119020885
"NCHOL_GrandHill , 301 Grand Hill Pl , Holly Springs , NC , 27540",35.6656692,-78.8438361,1283.49,127.8,11.669,4.6,29.2,3199.48636916667,144.4,15.4567087356838
"New Shackle Island , 271 New Shackle Island Rd , Hendersonville , TN , 37075",36.3184762,-86.6253516,1756.51,146.9,14.287,9.4,42.5,3046.98979111111,134.6,14.4196285650124
"North Deland , 104 E International Speedway Blvd , DeLand , FL , 32724",29.0539905,-81.3026516,1442.43,165.7,0,0,0.4,3421.08123666667,178.6,15.9423250991841
"North Port CW , 14164 Tamiami Trail , North Port , FL , 34287",27.043727,-82.2395995,1414.8,156.2,0,0,0.1,3609.09139194444,161.2,17.0148275320009
"OCTOPUS CAR WASH , 1050 W Beta St , Green Valley , AZ , 85614",31.9024319,-110.9867705,267.54,42.7,2.345,1.3,5.1,3872.74410805556,140.9,20.9897111310727
"Ocala -Silver Springs , 4956 E Silver Springs Blvd , Ocala , FL , 34470",29.2100496,-82.0658882,1248.36,146.8,0,0,1.3,3430.82504277778,171.9,15.2014397784265
"Ocean Express , 9640 Federal Blvd , Federal Heights , CO , 80260",39.8715564,-105.0241903,469.1,78.9,121.576,48,153.1,3571.34192805556,124.1,18.4316247473613
"Ogeechee , 5909 Ogeechee Rd , Savannah , GA , 31419",31.997541,-81.2525169,1358,139.7,0.406,0.1,6,3369.88268638889,167,16.352365820795
"Ollie Wash Henderson , 2700 US Hwy. 41 N , Henderson , KY , 42420",37.8755239,-87.5672191,1197.42,119.1,21.189,13.8,58.7,3137.26332666667,123.9,17.2532406617262
"Ollie Wash Owensboro , 3850 Frederica St , Owensboro , KY , 42301",37.7343692,-87.1206966,1229.11,121.8,20.377,13.7,58.5,3133.63870861111,131.2,16.7317186166629
"Orange City , 1310 S Volusia Ave , Orange City , FL , 32763",28.9337218,-81.2984532,1536.64,166.6,0,0,0.4,3415.86892222222,178.3,15.3313848341942
"Ottumwa , 1941 Venture Dr , Ottumwa , IA , 52501",41.01523,-92.456148,956.66,105.4,55.993,29.1,102,3102.36519305556,118.4,21.3276152406617
"Oxford , 1826 US-78 , Oxford , AL , 36203",33.5957609,-85.8750204,1344.95,130.7,3.003,1.9,24.8,3243.031635,150.7,15.0046329815106
"PASTIME AUTO WASH , 2610 OLIVE HIGHWAY , OROVILLE , CA , 95966",39.5053791,-121.5444403,773.4,64,1.113,0.9,6.4,3622.93912833333,117.9,15.5432064525788
"Palatka , 812 FL-19 , Palatka , FL , 32177",29.6401112,-81.6772984,1264.73,150.5,0,0,0.7,3406.79601277778,179.1,14.5310410210345
"Palm Coast , 6030 Old Kings Rd S , Palm Coast , FL , 32137",29.4772142,-81.1809069,1297.59,154.8,0,0,0.3,3499.192875,189.4,18.4497625570776
"Papa Bear Anderson 2 , 1500 Pearman Dairy Rd , Anderson , SC , 29625",34.53198,-82.6963294,1273.48,118.7,5.838,2.9,24.7,3260.05416722222,141.6,15.1833479302343
"Papa Bear Easley , 5260 Calhoun Memorial Hwy , Easley , SC , 29640",34.8261114,-82.5618856,1312.64,123,9.093,3,37.9,3250.19300888889,143.3,15.136974698705
"Paradise 2 , 4350 Austell Rd , Austell , GA , 30106",33.8474699,-84.6095148,1541.66,138.9,3.99,2.6,30.4,3141.08622972222,160.2,16.3852211243357
"Pat's NU Star - Winter Haven , 619 Cypress Gardens Blvd , Winter Haven , FL , 33880",28.0044428,-81.7177581,1403.88,160.6,0,0,0.3,3428.73916916667,170.8,17.3638279811363
"Peachy Clean , 1301 US-31 , Clanton , AL , 35045",32.8194376,-86.6104121,1406.92,129.2,1.547,0.9,18.2,3261.33521888889,155.5,14.8956906954113
"Pelican Car Wash , 13020 US-1 , Sebastian , FL , 32958",27.8321463,-80.4806875,1331.88,170.4,0,0,0,3570.89818277778,182.1,19.1069170596602
"Peppy's Car Wash , 101 W University Pkwy , Jackson , TN , 38305",35.6963252,-88.8329326,1394.65,128.9,10.514,6,38.4,3169.07565666667,132,15.7845677071637
"Peppy's Car Wash Union City , 1315 Old Troy Rd , Union City , TN , 38261",36.4164336,-89.0730822,1328.41,123.3,15.141,7.8,41.6,3210.4586275,125.8,16.2671535294558
"Phenix City , 3709 US-431 , Phenix City , AL , 36867",32.497545,-85.0446581,1301.27,122.7,0.553,0.4,14.1,3261.48813944444,150.4,15.0103365521371
"Pirates Cove Goldsboro , 110 Mollie Drive , Goldsboro , NC , 27534",35.339245,-77.919017,1295.13,125.4,6.888,3.5,26.8,3215.8284525,146.2,17.2897234074407
"Plaistow Road Haverhill , 73 Plaistow Rd , Haverhill , MA , 1830",42.813419,-71.1021821,1186.1,120.2,119.749,36,111.1,2905.56395277778,119.4,17.2034887341867
"Plantation Island , 1430 Plantation Island Dr S , St. Augustine , FL , 32080",29.8652652,-81.2982865,1307.48,153.9,0,0,0.4,3474.37539833333,188.3,17.9061048731192
"Platinum Auto Spa , 2303 6th Ave SE , Aberdeen , SD , 57401",45.4599517,-98.4546109,578.11,76.6,79.8,45,152.3,3213.31348444444,115.6,22.7317037203384
"Polished Peach Car Wash , 1490 Towne Lake Pkwy , Woodstock , GA , 30189",34.1057206,-84.5433192,1511.95,138.9,5.446,3,27.9,3152.01641972222,153.4,15.6433135713751
"Pooler , 420 Pooler Pkwy , Pooler , GA , 31322",32.1370935,-81.2545339,1297.49,136.6,0.567,0.1,7.2,3358.91400111111,163.9,15.1186938393592
"Precision Xpress CarWash , 2106 S Main St , Lindale , TX , 75771",32.4883669,-95.3982816,1307.63,115.9,3.759,1.8,14.2,3199.96818222222,136.7,17.2607079122689
"Prestige Car Wash , 10004 Brownsboro Rd , Louisville , KY , 40241",38.3143963,-85.5627054,1287.87,130.5,24.78,17,67.4,3060.29987666667,136.9,15.8835331985927
"Pueblo , 2323 W Pueblo Blvd , Pueblo , CO , 81004",38.219339,-104.638418,374.78,56.6,69.125,32.5,111.4,3723.86183583333,111.8,22.3900923721836
"Pure Car Wash , 330 Anna Dr , McComb , MS , 39648",31.242485,-90.4795296,1583.46,142.8,1.106,0.7,12.7,3207.78886194444,158.3,14.4494998128602
"Quick Jet Car Wash , 1217 Dolly Parton Pkwy , Sevierville , TN , 37862",35.8632117,-83.5282174,1229.03,132.9,18.977,10.3,45.7,3189.46228555556,149.8,13.1239703570627
"RACCOON EXPRESS CW , 495 Lafayette Rd , Seabrook , NH , 3874",42.889469,-70.872266,1175.6,121.5,114.716,35.2,103.9,2993.47736444444,121.1,19.600864286249
"RAINDANCER OF GLENVILLE , 172 Freemans Bridge Rd , Schenectady , NY , 12302",42.8466008,-73.9416205,1179.27,132.7,120.071,48.8,117.9,2887.22448055556,128.7,16.5489519425107
"RED ROCKET CAR WASH #1 , 47 Golfview Dr NE , Arab , AL , 35016",34.3438549,-86.5015317,1432.24,137.4,5.047,4.2,32.1,3186.70758694444,151.4,14.9254730144472
"RED ROCKET CAR WASH #2 , 2110 Redstone Rd SW , Huntsville , AL , 35803",34.6176307,-86.5687864,1430.96,134.4,5.404,3.7,33.6,3203.24013305556,140.1,14.4292232951568
"RIVERHEAD TOYOTA CAR WASH , 1655 County Rd 58 , Riverhead , NY , 11901",40.9240907,-72.6984365,1247.26,126.8,63.294,22.7,63.7,3080.44640583333,132,21.8962225465978
"ROCK & ROLL CW , 8320 W Judge Perez Dr , Chalmette , LA , 70043",29.9531318,-89.9797697,1750.88,160.5,0.721,0.3,2,3275.78746972222,160.5,19.3021577962422
"Radiant Apollo Beach , 6576 US Hwy 41 , Apollo Beach , FL , 33572",27.7731377,-82.3902847,1438.07,159.7,0,0,0.3,3470.1749,162,17.0388856950371
"Radiant Auburndale , 2049 US-92 , Auburndale , FL , 33823",28.0573484,-81.8121995,1429.18,161.1,0,0,0.3,3462.08135694444,171.1,17.2980939441575
"Radiant Land O' Lakes , 4230 Land O' Lakes Blvd , Land O' Lakes , FL , 34639",28.2424856,-82.4427769,1521.68,159.8,0,0,0.6,3450.336035,172.6,15.7787312673104
"Radiant Poinciana , 925 Cypress Pkwy , Kissimmee , FL , 34759",28.1481414,-81.4462145,1488.08,165.6,0,0,0.2,3463.56052694444,169.5,15.9341598922075
"Radiant Spring Hill , 7104 Mariner Blvd , Spring Hill , FL , 34609",28.5308742,-82.5110397,1446.23,156,0,0,0.8,3454.98127972222,174.9,16.1287640541957
"Radiant Zephyrhills , 7575 Gall Blvd , Zephyrhills , FL , 33541",28.2677868,-82.1889848,1511.04,165.5,0,0,0.8,3442.67678694444,173.6,16.1042529380942
"Rio Rancho North , 507 NM-528 NE , Rio Rancho , NM , 87144",35.2668562,-106.6276302,245.81,45.8,31.717,19.2,82.5,3823.01045722222,114,22.4115508645857
"Riptide Dallas , 1001 Dallas Cherryville Hwy , Dallas , NC , 28034",35.3153389,-81.189865,1231.33,123,10.521,4.1,37,3222.02961222222,142.1,14.3778513361779
"Riptide Durham , 3639 Durham-Chapel Hill Blvd , Durham , NC , 27707",35.97045,-78.9507861,1233.53,120.5,13.685,5.4,34.7,3176.35810222222,138.1,15.6145638146568
"Riptide Gastonia , 3711 E Franklin Blvd , Gastonia , NC , 28056",35.2572225,-81.1140765,1183.21,121.9,10.129,3.9,35.6,3216.28050416667,136.9,14.6090695411333
"Riptide Neuse , 13150 Falls of Neuse Rd , Raleigh , NC , 27614",35.9412871,-78.5612498,1295.29,122.2,13.083,5.2,27.9,3167.49065916667,140.2,15.264769967812
"Riptide Spring Lake , 1101 N Bragg Blvd , Spring Lake , NC , 28390",35.1804403,-78.9818916,1308.59,126,6.132,4,29.6,3222.40398916667,144.7,16.9870050153455
"Riverside Ionia , 1370 S State Rd , Ionia , MI , 48846",42.9685416,-85.0698982,946.23,124.2,85.036,52.9,115.3,2839.53000944444,131,18.5892692566809
"Riverside Lowell , 1941 W Main St , Lowell , MI , 49331",42.931854,-85.3592788,986.71,128.8,90.314,55.6,112.6,2823.36386416667,131.4,18.1338307508047
"Road Runner Express #2 , 101 Market Center Way , Daleville , VA , 24083",37.4169786,-79.9111846,1114.22,119.3,34.496,12.8,75.2,3157.12780694444,146.4,14.1182182798114
"Road Runner Express , 7816 Timberlake Rd , Lynchburg , VA , 24502",37.351769,-79.2267214,1078.09,110.9,26.25,9.7,64.9,3199.21831527778,135.4,14.8081455947301
"Roadrunner Express Mukwonago , 811 S Rochester St , Mukwonago , WI , 53149",42.8556672,-88.3274265,996.72,117.1,84.105,43.3,116.9,2947.02140444444,129.1,18.9137748334456
"Roadrunner Express New Berlin , 5275 S Moorland Rd , New Berlin , WI , 53151",42.9485381,-88.1097854,1002.7,118.5,87.381,44.5,117.8,2999.78121,127.2,20.0182628939292
"Rocket Wash Foothills , 3985 US-421 , Wilkesboro , NC , 28697",36.1493091,-81.2308643,1230.56,120.3,18.816,7.6,55,3209.30565361111,151.6,12.6067859121192
"Rocket Wash Mebane , 211 Fieldale Rd , Mebane , NC , 27302",36.0759804,-79.2749994,1186.74,120,16.653,6.1,41.6,3168.69323416667,142.1,15.1610612321282
"Rocket Wash Rome , 694 Braves Blvd NE , Rome , GA , 30161",34.2837964,-85.1672328,1456.16,135.8,4.83,2.6,29.6,3185.675965,143.9,14.5306851560746
"Rocket Wash Wilkesboro , 1846 US-421 , Wilkesboro , NC , 28697",36.1506819,-81.1992276,1225.01,119.6,18.48,7.5,53.4,3204.05898944444,149.7,12.6489676622502
"Rockmart , 1931 Nathan Dean Pkwy , Rockmart , GA , 30153",34.0092289,-85.0306115,1438.83,138,5.194,2.9,25.6,3182.69720666667,151.5,15.3490869077027
"Rocks Edge , 116 Carmel Dr , King , NC , 27021",36.2624481,-80.365563,1171.34,117.5,17.983,7.2,52.7,3182.19261444444,144.5,14.5444935998203
"Rogue Carwash , 819 SE Mill St , Grants Pass , OR , 97526",42.4311527,-123.318906,946.37,99,44.625,18.9,44.6,3328.36236111111,126,11.7111578710981
"Rolling Thunder , 800 E Main St , Palmyra , PA , 17078",40.312316,-76.585092,1156.38,127.5,57.834,24.1,88.1,2981.270685,128.7,16.0433994310951
"Royal Pines , 3454 Royal Pines Dr , Middleburg , FL , 32068",30.1588835,-81.8357776,1203.35,148.7,0,0,2.4,3415.52432333333,170.9,17.5392143124485
"Royal Splash Car Wash , 21 Cape Rd , Mendon , MA , 1756",42.0997802,-71.5037789,1227.89,129.5,97.874,31.5,104.8,2926.02947666667,123.2,17.5213672430571
"Rub A Dub , 707 Taugenbaugh Blvd , Rifle , CO , 81650",39.5216905,-107.7771586,474.48,79.7,147.616,62.1,144.3,3686.30065083333,115.4,11.5816731042743
"Russellville - E Main St , 2610 E Main St , Russellville , AR , 72802",35.2778085,-93.1033689,1287.71,114.4,8.883,5.9,35,3192.22543777778,121.8,14.0693830376525
"SIMPLY CLEAN CW (VALLEY CW) , 64 Pershing Dr , Ansonia , CT , 6401",41.3346732,-73.0831786,1348.79,127.7,73.129,26.6,81.9,3030.48011555556,130.1,18.8775096938394
"SQUEAKY CLEAN CW 2 , 3931 Cerrillos Rd , Santa Fe , NM , 87507",35.6427019,-106.0134847,320.53,61,62.076,33,116.9,3830.26468916667,138.2,23.4685228684782
"STEESE , 720 Old Steese Hwy , Fairbanks , AK , 99701",64.8515089,-147.6945971,461.92,92.5,94.899,71.8,205.4,2588.06215638889,63.4,12.2840180402725
"SUPER SPRAY , 1581 S Muskogee Ave , Tahlequah , OK , 74464",35.8956029,-94.9762402,1251.74,106.9,12.201,7.7,43,3199.22522305556,120.1,15.8444767572423
"SUPERIOR MERMAID CAR WASH , 1750 NORTH PARK DRIVE , KINGWOOD , TX , 77339",30.0680683,-95.2282134,1908.75,163.8,1.225,0.6,4.5,3125.41130222222,155.9,16.3311459690097
"SUPERIOR TOMBALL CARWASH , 27840 Tomball Pkwy , Tomball , TX , 77375",30.0797196,-95.6287169,1620.27,150.3,1.036,0.6,5.2,3136.82542722222,151.4,17.2375811812261
"Salt Lick , 297 Salt Lick Rd , St. Peters , MO , 63376",38.7990011,-90.6550622,1265.08,120.9,31.01,19,71.5,3084.15243472222,121.9,16.8739949097986
"San Jose 2 , 9826 San Jose Blvd , Jacksonville , FL , 32257",30.1993973,-81.6204269,1195.01,152.5,0,0,1.2,3454.61200777778,172.8,17.7274447189161
"Santa Fe , 4410 Rodeo Rd , Santa Fe , NM , 87507",35.638209,-106.0127505,320.24,59.3,61.187,31.3,114.8,3832.21373277778,137.4,25.2393018938543
"Saratoga Honda , 3402 US-9 , Saratoga Springs , NY , 12866",43.057525,-73.7870143,1171.31,131.1,112.476,47.1,120.8,2914.23602527778,128.1,15.3020378770866
"Scarborough Car Wash , 1448 FM 66 , Waxahachie , TX , 75165",32.3740716,-96.8662375,1315.72,110.9,2.128,2,15.1,3249.20455861111,137.5,22.0294219627218
"Seaway Car Wash North , 142 Heineberg Drive , Colchester , VT , 5446",44.53489,-73.249658,1052.74,138.7,126.441,64.4,112.1,2880.08975777778,124.9,20.6804073658208
"Seaway Car Wash South #2 , 1341 Shelburne Rd , South Burlington , VT , 5403",44.4322445,-73.2115366,1116.04,144.8,129.276,69.7,121.6,2848.93325277778,124,18.4642840781496
"Seaway Car Wash South , 1341 Shelburne Rd , South Burlington , VT , 5403",44.4322445,-73.2115366,1116.04,144.8,129.276,69.7,121.6,2848.93325277778,124,18.4642840781496
"Senatobia , 328 E Main St , Senatobia , MS , 38668",34.6197427,-89.9562586,1475.76,131.7,7.441,3.9,28.8,3194.14883,133.8,15.2057168949772
"Sherwood - E Kiehl Ave , 3610 E Kiehl Ave , Sherwood , AR , 72120",34.8316898,-92.1924256,1352.77,120.7,6.566,4.3,30.3,3186.97451083333,126.1,15.5026221274047
"Shortman Car Wash , 1001 N Main St , Miami , OK , 74354",36.8867079,-94.8779151,1162.76,104.7,14.966,9.5,54.2,3196.65850138889,119.2,16.883991541283
"Silver City , 1870 US-180 , Silver City , NM , 88061",32.7861869,-108.2554652,371.59,64.3,44.086,19.2,49.6,3885.36573583333,155.8,21.4511427502059
"Smitty's Car Wash Fredericksburg , 513 S Adams St , Fredericksburg , TX , 78624",30.2686406,-98.8775051,765.41,95.2,2.674,2.4,12.2,3321.96902527778,159.2,21.5072113182124
"Smitty's Car Wash Greenville , 6112 Wesley St , Greenville , TX , 75402",33.1078395,-96.1100705,1325.61,113.5,3.381,2.7,18.9,3207.45656194444,133.9,19.5909597275245
"Smitty's Car Wash Kerrville , 301 Sidney Baker St , Kerrville , TX , 78028",30.0424562,-99.1448947,789.86,102.1,2.156,1.6,9.7,3301.30391361111,159.1,19.3561616138933
"Smitty's Car Wash Lindale , 13776 US Hwy 69 N , Tyler , TX , 75706",32.4668192,-95.3857957,1304.4,116.8,3.605,1.7,15.4,3208.47149972222,136.2,17.8948922075006
"Smitty's Car Wash Lufkin , 1808 S First St , Lufkin , TX , 75901",31.3147004,-94.7281932,1487.01,129.1,2.485,0.9,10.2,3174.98264944444,143.7,15.9792079496968
"Smitty's Car Wash Marshall , 1500 E End Blvd N , Marshall , TX , 75672",32.5568335,-94.3493365,1345.22,120.2,4.844,1.9,16.6,3206.48538305556,139.5,15.6693525713002
"Smitty's Car Wash Princeton , 400 E Princeton Dr , Princeton , TX , 75407",33.1746057,-96.4854304,1372.77,110.8,3.486,3.3,15.7,3215.30946666667,132.3,21.4070410958904
"Snap Clean , 110 N Elm Street , Ennis , TX , 75119",32.3327117,-96.619208,1357.65,112.8,1.981,1.6,12.1,3235.22176611111,136.7,20.9795146343289
"Soak City Car Wash , 116 Jane St , Berea , KY , 40403",37.56632,-84.3109343,1314.67,138.1,34.006,18.6,61.6,3046.44858027778,146.3,15.5150381016543
"Soapy J's , 626 Norh 12 Street , Middlesboro , KY , 40965",36.6144347,-83.7027468,1304.54,140.8,27.692,15.6,53.2,3115.70877138889,148.4,13.9841775582005
"Soapy Nobles 219 S Westfield St Ag , 219 S Westfield St , Agawam , MA , 1030",42.0599321,-72.6756952,1281.54,125,88.823,31.9,106.8,2961.32068833333,125.8,16.200424058687
"Soapy Nobles 76 N Rd East Windsor CT , 76 N Rd , East Windsor , CT , 6088",41.9319611,-72.5918196,1233.74,123.8,80.521,31.1,104.8,2934.13111666667,125,15.9527042443297
"Soapy Sam's , 15046 IN-23 , Granger , IN , 46530",41.7324112,-86.15926,1121.83,139.4,82.201,52.1,105,2830.74417222222,133.4,19.9856826858298
"Soggy Dog CW , 714 Ritter Dr , Glen Morgan , WV , 25813",37.7497066,-81.1410774,1264.68,157.7,68.523,37.3,79.1,2998.58582694444,164.4,17.7505789355491
"Sonic Suds Simpsonville , 703 SE Main St , Simpsonville , SC , 29681",34.7219085,-82.252667,1236.97,120.7,7.511,3.2,31.8,3242.71644027778,141.5,15.1840545699528
"South Deland , 1810 S Woodland Blvd , DeLand , FL , 32720",28.9965731,-81.3032381,1482.57,164.3,0,0,0.4,3428.69664111111,178.9,15.7404605883674
"Southaven , 1101 Church Rd W , Southaven , MS , 38671",34.9330158,-90.0089691,1503.05,129.4,8.652,4.6,31.8,3183.13463916667,133.4,15.5416476532675
"Spectacular 1830 , 1830 E. Hwy 80 , Somerset , KY , 42503",37.1011409,-84.5898025,1375.95,136.1,25.081,14.7,57.6,3082.64032972222,147.1,14.7120420690171
"Spectacular 1990 , 1990 Oak Hill Road , Somerset , KY , 42503",37.0579482,-84.6462024,1373.81,135.1,24.395,14.1,55.2,3076.17086472222,145.4,14.6914054944232
"Spectacular 954 , 954 US-27 , Somerset , KY , 42501",36.9524362,-84.5786258,1378.02,138.2,26.138,14.9,49.6,3084.59207833333,143.3,15.0157844150011
"Speedy Pete's Car Wash , 1205 Maxwell Blvd , Ruston , LA , 71270",32.541285,-92.633638,1347.04,123.3,3.878,1.9,17.7,3209.30023277778,141.2,14.9274132794371
"Splash Brothers Wolfforth , 716 Donald Preston Dr , Wolfforth , TX , 79382",33.52042,-102.0038528,387.22,56.2,11.585,7.4,45.2,3688.58806555556,132.2,24.9941615390374
"Splash Hopper Express , 863 Western Bypass , Andalusia , AL , 36420",31.2980899,-86.499031,1421.61,138.2,0.364,0.2,9.3,3288.45684138889,160.7,14.7393888764129
"Splash N Foam , 705 Fannin St , George West , TX , 78022",28.3306261,-98.1165219,846.88,102.6,0.259,0.3,3.2,3281.98409944445,132.4,21.5932360206602
"Suds Bucket Wash , 615 landmark Point Blvd. Suite B , Gray , GA , 31032",32.9897907,-83.5691835,1220.46,125,0.504,0.7,14.3,3258.79654722222,152.4,14.39737577663
"Suds Deluxe Kyle , 18810 IH 35 , Kyle , TX , 78640",30.0342462,-97.847338,1197.91,120.5,1.974,1.1,6.9,3190.58019833333,149.3,20.5272830301669
"Sudzy's Car Wash , 2624 Anderson Hwy , Powhatan , VA , 23139",37.5243866,-77.8264842,1103.02,115.1,22.869,7.9,51.7,3135.61847555556,134.7,15.3382810090576
"Summerville , 10805 Commerce St , Summerville , GA , 30747",34.4900693,-85.3417458,1491.93,136.7,5.313,3.6,30,3146.85592222222,142.9,14.0121966464556
"Sun Splash , 914 N Stratford Rd , Moses Lake , WA , 98837",47.1408544,-119.2794176,255.45,61,33.418,25.6,90.3,3351.95444972222,107.5,17.7924402275619
"Sunny Daze Car Wash , 609 N Mayo Trl , Paintsville , KY , 41240",37.8254161,-82.8228864,1194.68,135.6,33.81,17.4,58.9,3033.17910722222,142.5,14.6133064600644
"Super Duck Hazel Green , 14533 US-231 , Hazel Green , AL , 35750",34.9431964,-86.5724199,1481.15,135.2,7.791,5,39,3163.77231416667,146.2,15.6413724081144
"THOMAS CAR WASH , 218 Blueberry Ln , Nicholasville , KY , 40356",37.891331,-84.56775,1351.02,136.3,31.808,19.1,69.3,3031.29114527778,145,15.2263450108541
"TLC Car Wash 2 , 1001 W Main St , Salem , VA , 24153",37.2907386,-80.0740891,1109.15,116.5,31.507,11.2,67.2,3194.18130305556,138.4,14.6582035331986
"TXGRA_Hwy377 , 3601 E US Hwy 377 , Granbury , TX , 76049",32.4530938,-97.7328629,984.87,90.7,3.122,2.8,16.2,3378.9598725,134.4,22.107042967288
"TXNEW_Walton , 23685 Walton Ave , New Caney , TX , 77357",30.1529637,-95.2186963,1897.39,160.1,1.211,0.6,4.7,3131.39577027778,155.1,15.5864469645932
"Taos , 1122 Paseo Del Pueblo Sur , Taos , NM , 87571",36.3816146,-105.5891681,317.68,62.7,84.112,44.8,147.9,3839.40689055556,130.6,19.0517738603189
"The Auto Spa @ Main Street , 2002 W Main St , Durant , OK , 74701",33.9970998,-96.3999484,1188.39,99.9,5.817,3.9,23.2,3247.19795388889,126,17.4005815555057
"The Auto Spa @ University , 3212 University Blvd , Durant , OK , 74701",34.0053117,-96.4094184,1188.39,99.9,5.817,3.9,23.8,3247.19795388889,125.7,17.4005815555057
"The Washery , 127 Airport Rd , Hazleton , PA , 18202",40.9914564,-75.986629,1173.31,136,93.667,43.5,118.3,2943.56369027778,131.2,17.9440267984131
"Thoroughbred Ashland , 621 12th St , Ashland , KY , 41101",38.4776961,-82.6469666,1168.65,133,30.681,19.9,64.9,3007.23504444444,139.7,14.5792166329815
"Thoroughbred Bardstown , 1332 E John Rowan Blvd , Bardstown , KY , 40004",37.825322,-85.4535733,1389.98,134.6,25.186,17.3,62.3,3042.5255875,140.8,15.0801149038102
"Thoroughbred Bedford , 3160 John A Williams Blvd , Bedford , IN , 47421",38.86775,-86.512944,1227.36,122,30.205,20.1,78.2,3039.31303805556,133.2,15.4608141327944
"Thoroughbred Crosslanes , 211 New Goff Mountain Rd , Charleston , WV , 25313",38.4112508,-81.7966494,1246.99,143.1,35.07,21.5,65.4,3009.03095166667,149,14.6218073209073
"Thoroughbred Danville , 925 Hustonville Rd , Danville , KY , 40422",37.6289123,-84.7752492,1340.54,135.6,31.549,18,62,3051.43136972222,144.9,15.5263423160416
"Thoroughbred Glasgow , 707 W Main St , Glasgow , KY , 42141",36.9997286,-85.9211718,1459.35,137,21.553,12.7,54.3,3067.10331472222,140.7,14.9310779998503
"Thoroughbred Hurricane , 3111 Teays Valley Road , Hurricane , WV , 25526",38.4348488,-82.0135892,1210.75,139.6,34.111,21.8,65.8,3022.42928305556,147.3,14.9417612096714
"Thoroughbred Lawrenceburg , 1026 Bypass N , Lawrenceburg , KY , 40342",38.036633,-84.9116039,1333.81,133.3,28.42,17.7,67.1,3024.47786472222,142.5,15.0341162512164
"Thoroughbred Maysville , 245 Wal-Mart Way , Maysville , KY , 41056",38.6235771,-83.7871551,1186.06,134.9,32.354,21.4,73.4,3003.7872675,141.8,15.0059897447414
"Thoroughbred Russellville , 235 Sam Walton Dr , Russellville , KY , 42276",36.8440025,-86.9194453,1359.86,129.9,17.689,11.1,50.8,3112.6969175,132.6,15.2474783292163
"Thoroughbred Seymour , 1550 E Tipton St , Seymour , IN , 47274",38.9578933,-85.8645389,1215.97,124.3,31.024,21.7,76.2,3009.83109055556,134.2,16.7970934950221
"Thoroughbred South Point , 45 Co Rd 120 , South Point , OH , 45680",38.4686596,-82.5510469,1178.67,136.2,31.332,20.1,69.6,3017.54914,144,14.6533625271353
"Thoroughbred Teays , 3972 Teays Valley Road , Hurricane , WV , 25526",38.4485111,-81.9427941,1221.37,139.7,34.454,21.7,66.3,3004.96777305556,147.9,14.783615764653
"Touch & Go CW , 847 Brookway Blvd , Brookhaven , MS , 39601",31.5783449,-90.4635139,1469.09,138.3,1.106,1,13.9,3215.20885027778,155.9,14.7355218953515
"Town Center Auto Wash , 6380 Sashabaw Rd , Clarkston , MI , 48346",42.7322891,-83.3787575,922.63,131.3,87.843,54,117,2869.94938222222,133.4,18.9095975746688
"Trident Express Carwash , 6530 GA-40 , St. Marys , GA , 31558",30.7766023,-81.6209952,1401.04,155.4,0,0,3,3356.27807611111,174.3,17.0329721536043
"TruShine #2 Abingdon , 25017 Western Loop , Abingdon , VA , 24211",36.7140617,-81.9306869,1169.05,138.7,33.124,19.8,74.9,3124.56608583333,165.4,13.5999268657834
"TruShine #3 Johnson City(Boones Creek) , 3033 Boones Creek Rd , Johnson City , TN , 37615",36.3855997,-82.4165509,1192.45,138,26.698,14.2,56.4,3185.048865,158,13.660381914814
"TruShine Bristol , 203 Linden Square Dr , Bristol , VA , 24202",36.6289697,-82.1294425,1189.39,140.5,32.263,18.8,65,3140.36182666667,163,13.908106594805
"Trushine #4 Kingsport , 2227 Fort Henry Dr , Kingsport , TN , 37664",36.5267711,-82.5206191,1203.51,135.4,25.095,14.2,55.9,3144.76118166667,153.7,13.5311320458118
"Trushine #5 Sevierville , 116 Allensville Rd , Sevierville , TN , 37876",35.8772279,-83.5701602,1250.85,132.5,18.151,10.6,45.1,3192.366455,147.4,12.9244702447788
"Trushine #6 Blountville , 1912 TN-394 , Blountville , TN , 37617",36.5238753,-82.318723,1201.75,137.3,25.669,14.4,64.5,3160.19180472222,158.6,13.4419830077102
"Tsunami La Porte , 821 Pine Lake Ave , La Porte , IN , 46350",41.6282905,-86.7373076,1186.54,141.6,89.999,52.5,102.9,2884.74468527778,134.1,18.3361091399057
"Tsunami Oak Creek , 140 W Puetz Rd , Oak Creek , WI , 53154",42.8871274,-87.9138393,991.45,117.8,86.366,44.7,105.7,2995.38516972222,123.4,23.5086514709185
"Tsunami Portage , 3105 Willowcreek Rd , Portage , IN , 46368",41.562444,-87.182288,1158.81,136.4,74.69,44.8,94.6,2953.32523527778,132.3,20.7998087431694
"Twins Merritt Island , 2240 N Courtenay Pkwy , Merritt Island , FL , 32953",28.39651,-80.704089,1326.81,161.8,0,0,0.1,3531.94261277778,179.4,20.2414052698555
"ULTIMATE CAR WASH , 1431 Cradduck Rd , Ada , OK , 74820",34.7600894,-96.662661,1071.11,97,9.702,5.5,32.1,3292.88479277778,120.6,18.0614385807321
"UNIVERSITY , 201 University Ave , Fairbanks , AK , 99709",64.8379411,-147.8114342,451.88,91.5,95.291,72.4,208.3,2589.20141527778,62.9,12.0713754772064
"US Car Wash , 845 N Adair St , Cornelius , OR , 97113",45.5203946,-123.061652,1205.81,134.8,31.059,16.9,36,2946.14659166667,119.4,15.0047600868328
"Universe , 9640 Universe Blvd NW , Albuquerque , NM , 87114",35.191141,-106.7261412,263.21,46.7,34.615,19.8,86.9,3815.96049277778,119,22.9512838535819
"V EXPRESS CAR WASH , 479 Lexington Rd , Versailles , KY , 40383",38.051423,-84.7161646,1326.25,134.4,30.891,19,67.9,3008.23424694444,143.3,15.268612695561
"Varsity Carwash  Duff , 1016 S Duff Ave , Ames , IA , 50010",42.0130274,-93.6099251,953.28,104.3,66.346,36.7,115.4,3117.07261972222,126.9,22.5847782768171
"Varsity Carwash Lincoln , 3705 Lincoln Way , Ames , IA , 50014",42.0232629,-93.6692765,951.86,104.3,66.584,36.6,118.4,3119.69151416667,128.6,22.5724198667565
"Velocity Car Wash , 1607 W Highway 40 , Vernal , UT , 84078",40.4439821,-109.5581948,282.57,56.6,90.237,49.4,148.7,3734.04718027778,97.5,15.530871921551
"Virginia Car Wash Co. , 4830 Portsmouth Blvd , Chesapeake , VA , 23321",36.8173419,-76.442266,1269.92,125.4,14.609,5.8,29,3178.62727833333,145.1,18.9073592334756
"Vortex Car Wash , 150 Jonathans Way , Suffolk , VA , 23434",36.7683141,-76.5833526,1313.71,127.1,14.651,6.4,32.3,3161.1535975,142.8,16.8788959502957
"WASHPOINTE AUTO WASH , 1401 N Prince St , Clovis , NM , 88101",34.4124715,-103.1961625,326.92,48.1,23.555,13.6,59.2,3751.91870083333,131.3,24.5658020061382
"WASHWORKS EXPRESS , 601 E King Ave , Kingsville , TX , 78363",27.5153746,-97.8615692,877.78,115,0.896,0.4,2.1,3352.45041138889,135.6,23.0114055692791
"WATER GAP CAR WASH , 31 Justice Dr , Hazard , KY , 41701",37.296668,-83.2145406,1249.01,139,33.544,19.7,64.4,3070.27014027778,155.5,15.1096436859046
"WOW Car Wash , 911 N Broad St , Monroe , GA , 30655",33.8119758,-83.727067,1423.98,132.2,2.002,1.6,24.9,3189.54350472222,154.3,14.9786161389326
"WOW Car Wash Winder , 242 N Broad St , Winder , GA , 30680",34.0008593,-83.710324,1453.84,135.9,2.919,2.2,26,3180.93624277778,152.5,14.6183023429897
"Warrior Way , 540 Warrior Way , Grand Junction , CO , 81504",39.0836225,-108.4724937,356.97,60.1,69.272,37.8,121.1,3775.0246275,100.1,15.2397269256681
"Wash 37055 , 118 Henslee Dr , Dickson , TN , 37055",36.0741589,-87.3697417,1548.2,140.7,16.226,9.6,46,3082.65935722222,140.3,15.2374142525638
"Wash 37062 , 2075 Fairview Blvd , Fairview , TN , 37062",35.9812455,-87.1222212,1591.35,144.8,15.673,9.4,43,3085.76552833333,141.3,15.312499214013
"Wash Ashore Plymouth , 2304 State Rd , Plymouth , MA , 2360",41.8177664,-70.5506402,1263.82,123.7,80.451,27.1,79.5,2946.47677527778,130.5,23.1858094917284
"Wash City Semoran , 4575 S Semoran Blvd , Orlando , FL , 32822",28.4972739,-81.3091358,1649.19,168.3,0,0,0.3,3409.86584805556,176.9,16.7022850512763
"Wash It Dean , 750 Cincinnati Ave , Xenia , OH , 45385",39.6758187,-83.940666,1131.44,133.2,43.89,28.9,85.4,2951.43643277778,141,17.9277613593832
"Wash N Roll Athens , 24925 US-72 , Athens , AL , 35613",34.7668122,-86.882772,1405.01,130.8,6.559,3.9,35.5,3187.95851861111,142.1,15.6950336103002
"Wash Rack 95 , 1100 N Whitley Dr , Fruitland , ID , 83619",44.0217094,-116.9227294,316.77,68.7,51.114,35.3,99.4,3434.91953861111,92.1,15.8205635900891
"Wash Rite Bridgeport , 910 W Main St , Bridgeport , WV , 26330",39.2821198,-80.2685024,1378.82,158.5,54.859,34.5,79.1,2873.90090194444,157.8,15.5404805000374
"Wash Rite Marietta , 107 Crooked Run Ln , Marietta , OH , 45750",39.405323,-81.4130599,1212.78,140.4,41.853,27,73.7,2944.12526194445,141,15.0228978216932
"Wash Rite Moundsville , 75 Teletech Dr , Moundsville , WV , 26041",39.9096979,-80.749338,1233.19,145.5,51.534,33.1,77,2890.2665775,143.4,15.3790504528782
"Wash Rite Murdoch , 2521 Murdoch Ave , Parkersburg , WV , 26101",39.2833465,-81.5481209,1215.28,142.1,40.796,26,72.8,2962.26040055556,139.3,15.0459859270904
"Wash Rite Parkersburg , 1101 Division Street , Parkersburg , WV , 26101",39.2475641,-81.5545078,1215.28,142.1,40.796,26,73.3,2962.26040055556,139.7,15.0459859270904
"Wash Rite Vienna , 2504 Grand Central Ave , Vienna , WV , 26105",39.3230459,-81.5506606,1217.52,142.7,40.425,26.2,75,2973.51906666667,139.5,15.0057732614717
"Wash Rite Wintersville , 151 Cadiz Rd , Wintersville , OH , 43953",40.3759682,-80.7058034,1206.6600000000003,146.3,59.492999999999995,38.7,95.1,2865.352332222222,143.8,15.890497567183171
"Wash Up Griffith , 1224 E Ridge Rd , Griffith , IN , 46319",41.5499525,-87.4137288,1160.9299999999998,131.5,68.88699999999999,40.1,96.9,2964.8124547222224,130.4,21.66523804176959
"Wash Up Hammond , 850 Indianapolis Blvd , Hammond , IN , 46320",41.6960611,-87.5199543,1150.06,129.1,69.55199999999999,39.4,96.0,2923.908416111111,129.1,24.79693390223819
"Wash Up Portage , 6259 Melton Rd , Portage , IN , 46368",41.598234,-87.173255,1158.8100000000002,136.4,74.69,44.8,94.6,2953.3252352777777,132.3,20.7998087431694
"Wash Up Valparaiso , 460 Morthland Dr , Valparaiso , IN , 46383",41.4603284,-87.066715,1138.17,133.0,71.904,43.6,101.5,2938.7978922222223,131.9,21.170735010105552
"Wash Wizard Ladson , 3910 Ladson Rd , Ladson , SC , 29456",32.9735991,-80.1400726,1392.5500000000002,137.5,1.491,0.4,10.5,3324.149011388889,160.9,15.900555805075228
"Wash Wizard Summerville , 2146 N Main St , Summerville , SC , 29486",33.0469893,-80.1104749,1376.3700000000001,135.4,1.561,0.4,9.8,3321.035360277778,160.1,15.7594985403099
"Washbox Car Wash , 180 W Grand Ave , Rainbow City , AL , 35906",33.9570503,-86.0446243,1417.8899999999999,130.4,3.6680000000000006,2.7,28.2,3197.236328333333,144.7,14.193767198143572
"Waters Deland , 1712 N Woodland Blvd , DeLand , FL , 32720",29.0626284,-81.3052357,1442.4299999999998,165.7,0.0,0.0,0.4,3421.0812366666673,180.5,15.942325099184071
"Waters Lakeland , 3635 Lakeland Highlands Rd , Lakeland , FL , 33803",27.998366,-81.9243682,1408.4999999999998,161.6,0.0,0.0,0.3,3448.384072222222,165.6,16.724979788906357
"Waterworks Express Car Wash , 1557 Marinette Ave , Marinette , WI , 54143",45.0896038,-87.6503233,872.5799999999999,110.5,105.86099999999999,52.5,132.2,3031.1360580555556,122.8,22.365214686728045
"Weber W&L , 701 Old State Rte 3 , Columbia , IL , 62236",38.4384418,-90.2028235,1277.3100000000002,121.1,27.635999999999996,17.6,64.1,3097.3646258333333,121.7,17.13396391945505
"West Little Rock - Chenal Pkwy , 15701 Chenal Pkwy , Little Rock , AR , 72211",34.7558249,-92.4441288,1326.3500000000001,123.6,7.343000000000001,4.7,34.3,3180.6571111111116,127.9,15.84577924994386
"West Memphis , 646 W Service Rd , West Memphis , AR , 72301",35.1678659,-90.1980163,1383.2800000000002,121.3,7.875,5.7,33.9,3194.875959722222,125.3,17.657911370611572
"Wet Rabbit Marysville , 1219 State Ave , Marysville , WA , 98270",48.0619435,-122.177485,1401.16,165.2,44.842,24.0,29.4,2749.9159158333337,115.4,15.494328392843775
"WetnJet Car Wash , 516 Friendship Ln , Fredericksburg , TX , 78624",30.2563533,-98.8707888,770.27,95.6,2.5759999999999996,2.3,12.2,3320.572303888889,159.2,21.55609027621828
"Whistle Express CW - Fredericksburg , 10813 Tidewater Trail , Fredericksburg , VA , 22408",38.254834,-77.4274131,1146.09,122.0,26.481,11.0,52.0,3120.246992222222,127.0,15.383182947825437
"Whistle Express Car Wash - Alachua , 16093 NW 163rd Lane , Alachua , FL , 32615",29.8029356,-82.5181488,1206.0,142.9,0.0,0.0,2.7,3383.601059444444,170.2,14.919045811812264
"Whistle Express Car Wash - Baxley , 956 W Parker St , Baxley , GA , 31513",31.783646,-82.3637095,1171.75,128.3,0.273,0.2,9.5,3337.286457222222,159.8,16.653482146867283
"Whistle Express Car Wash - Beaufort , 285 Sea Island Pkwy , Beaufort , SC , 29907",32.405966,-80.633475,1335.44,138.2,0.7,0.1,3.7,3421.8574875,164.5,19.752299797889066
"Whistle Express Car Wash - Blue Ridge , 32 McKinney Rd , Blue Ridge , GA , 30513",34.8808661,-84.2944237,1314.8399999999997,137.7,12.026,8.2,40.7,3186.6925972222225,167.6,14.230735159817353
"Whistle Express Car Wash - Charleston , 4865 Tanger Outlet Blvd , North Charleston , SC , 29418",32.8714992,-80.0153296,1412.2400000000002,138.7,1.267,0.2,6.9,3364.2017930555558,164.5,19.09737053671682
"Whistle Express Car Wash - Fairlawn , 7426 Lee Hwy , Radford , VA , 24141",37.1433324,-80.5818851,1045.52,121.2,37.107,17.0,73.6,3121.862285555556,155.8,15.498673403697882
"Whistle Express Car Wash - Forest , 14669 Forest Road , Forest , VA , 24551",37.3676292,-79.2988227,1078.09,110.9,26.25,9.7,63.9,3199.2183152777775,135.3,14.808145594730146
"Whistle Express Car Wash - Harriman , 1821 Roane State Hwy , Harriman , TN , 37748",35.8910308,-84.546574,1323.73,130.1,12.341,7.8,43.1,3130.1399244444447,140.3,13.854384385058761
"Whistle Express Car Wash - Hazelhurst , 184 E Jarman St , Hazlehurst , GA , 31539",31.8657271,-82.5889875,1108.4800000000002,124.5,0.357,0.2,10.1,3349.8892550000005,155.8,16.497488659330788
"Whistle Express Car Wash - Jasper , 705 Noah Dr , Jasper , GA , 30143",34.4688379,-84.4590794,1557.3999999999999,141.9,9.107000000000001,5.5,32.3,3168.8224280555555,161.6,15.68723856576091
"Whistle Express Car Wash - Leland , 2040 Olde Regent Way , Leland , NC , 28451",34.2193962,-78.0165048,1523.6100000000001,139.2,2.0439999999999996,1.0,13.4,3328.8086841666664,160.5,17.421525189011156
"Whistle Express Car Wash - Live Oak , 1114 Ohio Ave N , Live Oak , FL , 32064",30.3067062,-82.9778241,1207.79,136.5,0.0,0.0,4.6,3380.0549816666667,166.1,15.411749307582904
"Whistle Express Car Wash - Louisburg , 602 S Bickett Blvd , Louisburg , NC , 27549",36.084169,-78.310355,1272.9599999999998,124.6,13.523999999999997,5.3,35.0,3154.922958611111,140.3,15.199572423085561
"Whistle Express Car Wash - Macedonia , 309 Highland Rd , Macedonia , OH , 44056",41.300026,-81.514408,1166.98,154.4,90.06200000000001,55.3,100.3,2859.005291111111,141.6,17.560970431918555
"Whistle Express Car Wash - Mayport , 1500 Mayport Rd , Atlantic Beach , FL , 32233",30.3357223,-81.415354,1250.0900000000001,152.8,0.0,0.0,1.1,3477.7715419444444,176.1,19.07942046560371
"Whistle Express Car Wash - Melbourne , 4860 N Wickham Rd , Melbourne , FL , 32940",28.1879225,-80.6727404,1194.8100000000002,165.0,0.0,0.0,0.0,3540.100071111111,176.3,20.967179504453927
"Whistle Express Car Wash - Mount Airy , 139 Kodiak Ln , Mount Airy , NC , 27030",36.4877738,-80.6157567,1201.33,120.0,20.803999999999995,8.3,53.8,3166.4796005555554,143.0,13.594941387828431
"Whistle Express Car Wash - Murphy , 251 King St , Murphy , NC , 28906",35.0798938,-84.033852,1540.8100000000002,144.7,15.098999999999998,11.4,39.9,3175.4660905555547,169.1,14.43078112134142
"Whistle Express Car Wash - Orange Park , 950 Park Ave , Orange Park , FL , 32073",30.178049,-81.7020568,1188.8200000000002,153.5,0.0,0.0,1.1,3439.351469722222,170.7,17.143640242533124
"Whistle Express Car Wash - Pole Green , 7423 Pole Green Rd , Mechanicsville , VA , 23116",37.6305119,-77.3632838,1149.74,118.3,22.932000000000006,7.9,50.4,3122.1368969444447,132.2,15.672053297402503
"Whistle Express Car Wash - Pooler , 2001 Pooler Pkwy , Pooler , GA , 31322",32.0816962,-81.2801965,1315.5400000000002,139.0,0.476,0.1,7.0,3360.3602705555554,165.8,15.467593607305938
"Whistle Express Car Wash - Racers Edge , 351 Commonwealth Blvd , Martinsville , VA , 24112",36.6968363,-79.8870267,1171.3,117.7,25.438,8.9,49.1,3164.4442972222228,140.3,15.076277116550639
"Whistle Express Car Wash - Roxboro , 421 N Madison Blvd , Roxboro , NC , 27573",36.3995425,-78.9823863,1197.4,118.9,19.439,6.7,42.4,3183.398485,139.1,15.369538962497192
"Whistle Express Car Wash - SouthPort , 5014 Southport Crossing Wy , Southport , NC , 28461",33.9540971,-78.0503435,1494.01,132.4,1.057,0.8,7.8,3401.5490663888895,164.0,22.93397342615465
"Whistle Express Car Wash - Washington , 427 Bridge St , Washington , NC , 27889",35.5488005,-77.057573,1398.3400000000001,133.2,6.537999999999999,3.2,23.4,3204.096689166667,150.1,16.33609342016618
"Whistle Express Car Wash - Westover , 105 S Westover Blvd , Albany , GA , 31707",31.5843172,-84.2206133,1158.35,124.0,0.14,0.2,10.1,3296.4810447222217,151.0,16.34827210120518
"Whistle Express Car Wash -Boll Weevil , 654 Boll Weevil Cir , Enterprise , AL , 36330",31.3218393,-85.8302736,1392.9900000000002,136.6,0.252,0.1,10.5,3303.9657677777773,160.3,15.856325698031288
"Whistle Express Car Wash Crawfordville , 2135 Crawfordville Hwy , Crawfordville , FL , 32327",30.2136553,-84.3632953,1447.2599999999998,144.3,0.154,0.1,4.1,3405.8888697222224,170.6,13.959435661351899
"Whistle Express Car WashChristiansburg , 945 N Franklin St , Christiansburg , VA , 24073",37.141632,-80.4147648,999.6999999999998,120.5,35.965999999999994,15.7,79.8,3165.5944063888887,157.2,15.41213893255483
"Whistle Express Car WashHendersonville , 579 New Shackle Island Rd , Hendersonville , TN , 37075",36.3377933,-86.6163971,1758.15,146.4,14.581,9.2,43.3,3048.7225288888885,135.0,14.393548618908602
"Whistle Express Car WashNorth Valdosta , 4139 N Valdosta Rd , Valdosta , GA , 31602",30.8968771,-83.3289852,1151.65,131.0,0.077,0.1,5.0,3324.3768358333336,158.1,15.753845946552886
"Whistle Express Car WashPort Wentworth , 38 Magellan Blvd , Port Wentworth , GA , 31407",32.1956562,-81.1974481,1325.8,139.0,0.504,0.1,6.9,3368.719883055556,165.3,15.548472340744066
"White Water CW , 7600 Crater Lake Hwy , White City , OR , 97503",42.4267962,-122.8487759,847.21,106.4,50.225,23.1,61.4,3328.0964588888883,116.3,11.58038962497193
"Wicked Wash , 160 E 1st S , Rigby , ID , 83442",43.6698154,-111.9134033,402.41999999999996,88.9,103.299,70.5,159.4,3359.603960833333,101.8,17.095245452503928
"Willy's Wash , 2605 N 14th St , Ponca City , OK , 74601",36.7364497,-97.0666901,895.8700000000001,89.7,12.439000000000004,8.1,58.6,3362.8640438888892,113.2,20.55612186540909
"Wolfrum , 1010 Wolfrum Rd , Weldon Spring , MO , 63304",38.7287947,-90.6444119,1272.54,120.3,31.654000000000003,19.3,70.6,3090.8515983333336,122.7,16.262951867654763
"Woodie's Ballantrae , 17322 FL-54 , Lutz , FL , 33558",28.193589,-82.527278,1525.84,159.9,0.0,0.0,0.5,3439.217116388889,175.1,15.845660902762182
"Woodie's Gibsonton , 9350 Theater Dr , Gibsonton , FL , 33534",27.849035,-82.3507939,1425.7,158.6,0.0,0.0,0.3,3526.0702122222224,160.4,17.838711804775805
"Woodie's Lutz , 24749 FL-54 , Lutz , FL , 33559",28.1864462,-82.4066793,1493.2499999999995,158.5,0.0,0.0,0.7,3464.2977580555553,170.8,16.09470192379669
"Woodie's Sun City , 4927 FL-674 , Wimauma , FL , 33598",27.7119642,-82.3332559,1423.42,156.5,0.0,0.0,0.3,3480.0434413888884,165.7,16.800604835691296
"ZAK's Car Wash , 2500 S Business 49 , Neosho , MO , 64850",36.8428883,-94.3926174,1192.2499999999998,110.7,19.075000000000003,11.7,58.8,3196.9399863888893,125.7,16.404350849614495
"Bridgeville , 3101 Washington Pike , Bridgeville , PA , 15017",40.3493811,-80.1116229,1295.67,153.7,59.766000000000005,37.9,84.1,2849.9792449999995,141.8,16.3072194026499
"COUGAR RIDGE , 10215 China Spring Rd , Waco , TX , 76708",31.6285436,-97.2443216,1096.08,100.8,2.4640000000000004,2.5,10.5,3269.860117222222,136.6,21.011079721536042
"Erie , 4234 Buffalo Rd , Erie , PA , 16510",42.1452943,-80.005931,1272.9,169.5,155.58200000000002,70.0,87.6,2874.206761388889,139.6,23.10595957781271
"Evolution Car Wash , 1665 NV-88 , Minden , NV , 89423",38.9587747,-119.7777729,467.18,56.9,132.895,42.6,116.9,3794.1585374999995,115.4,13.86434860393742
"Fast and Friendly Maricopa II , 42020 W Maricopa-Casa Grande Hwy , Maricopa , AZ , 85138",33.0394599,-112.0187546,228.14000000000001,31.8,0.014000000000000002,0.1,3.9,3864.152152777778,117.0,14.755355565536345
"FoamWorks Fayetteville , 1512 GA-85 , Fayetteville , GA , 30214",33.4872303,-84.4341295,1521.6999999999998,138.1,2.198,1.1,23.9,3184.6845074999997,156.6,16.67764795269107
"GO Car Wash- 412 Rock Port , 2200 Rock Port Dr , Harrisonburg , VA , 22801",38.4050476,-78.8677602,912.5,113.5,40.859,16.7,94.7,3171.5362527777775,140.3,14.01753259974549
"GO Car Wash- 413 Market , 2335 E Market St , Harrisonburg , VA , 22801",38.4210548,-78.8382949,907.8199999999999,114.4,41.523999999999994,16.7,88.1,3173.788634444444,142.0,13.973556703346059
"Gaffney , 1521 W Floyd Baker Blvd , Gaffney , SC , 29341",35.0895526,-81.6636002,1213.8600000000001,122.1,10.422999999999998,3.5,35.6,3213.683808055556,140.5,14.204370162437309
"Hydro Express Wash , 3088 Hennepin Dr , Joliet , IL , 60431",41.5726477,-88.1574489,1184.35,128.0,64.435,34.9,108.3,2959.2046894444443,134.0,20.01508997679467
"Lakes Edge , 7916 Bradley Long Dr. , Lake Norman of Catawba , NC , 28682",35.5832605,-80.9887544,1169.4299999999998,117.4,12.908000000000001,5.7,32.3,3206.462712222222,138.4,14.619078823265216
"Let's Go Bixby , 15025 S Memorial Dr , Bixby , OK , 74008",35.9453430605934,-95.8863834618877,1201.1299999999999,101.9,12.236,7.0,41.0,3256.00221,117.9,18.044601841455197
"Magic Barboursville , 6442 US-60 , Barboursville , WV , 25504",38.4156073,-82.2972267,1187.59,138.4,31.787,20.6,62.6,3006.0232538888895,140.8,14.650855378396585
"Magic Belle , 1601 S Main St , Bellefontaine , OH , 43311",40.3369448,-83.7614212,1094.17,139.0,56.574,36.2,99.9,2955.3617833333333,143.8,20.570328392843777
"Magic Circleville , 1475 S Court St , Circleville , OH , 43113",39.5811987,-82.9522844,1169.3300000000002,136.4,38.85,25.0,84.0,2981.2492225,142.3,18.443895650872072
"Magic Defiance , 8715 OH-66 , Defiance , OH , 43512",41.316082,-84.360527,983.3399999999999,128.2,56.749,34.8,102.5,2935.853516111111,136.7,20.76481548020061
"Magic Gallipolis , 2183 Eastern Ave , Gallipolis , OH , 45631",38.8246133,-82.1703409,1187.6,136.5,34.412,22.3,66.9,2994.617622777778,137.5,14.833337525263866
"Magic LaGrange , 1100 Lafayette Pkwy , LaGrange , GA , 30241",33.0400117,-85.0065807,1355.0400000000002,128.1,1.169,0.8,21.1,3236.1216488888886,157.0,14.962384834194177
"Magic Piqua , 1292 E Ash St , Piqua , OH , 45356",40.1510683,-84.2092494,1094.5400000000002,133.7,49.588,32.5,94.2,2953.6985619444445,142.8,20.7562634179205
"Magic Portsmouth , 2311 Gallia St , Portsmouth , OH , 45662",38.7398579,-82.9706182,1124.9499999999998,133.1,31.549,20.5,67.4,2993.085112777778,133.1,14.662367018489409
"Magic Sidney , 2680 W Michigan St , Sidney , OH , 45365",40.2881962,-84.1987428,1088.09,135.2,51.576,34.3,95.5,2948.887465,141.5,20.941187663747286
"Magic Tiffin , 2161 W Market St , Tiffin , OH , 44883",41.1107066,-83.2121582,1043.3300000000002,135.8,58.22600000000001,37.3,99.2,2924.693891111111,137.2,21.88559323302642
"Magic Troy , 10 Kings Chapel Dr N , Troy , OH , 45373",40.0606203,-84.2497243,1083.3500000000001,133.1,45.80800000000001,29.9,93.1,2976.6016263888887,143.5,19.563105696534173
"Magic Van Wert , 7965 US-127 , Van Wert , OH , 45891",40.8877671,-84.5820105,1000.9200000000001,125.4,52.71,33.4,96.7,2959.1085550000003,137.4,21.648225166554386
"Magic Waverly , 865 W Emmitt Ave , Waverly , OH , 45690",39.1137223,-82.9961453,1101.25,134.2,35.833000000000006,23.0,73.4,2984.4880738888887,135.6,15.02067272999476
"Magic Wilmington , 63 Holiday Dr , Wilmington , OH , 45177",39.4509774,-83.7972179,1115.74,135.2,43.477,28.0,88.1,2984.760256388889,147.2,20.38919911670035
"McFarland , 3205 Hunter Creek Rd , Northport , AL , 35473",33.2380959,-87.5641905,1347.61,126.3,1.778,1.4,21.4,3234.3614280555553,144.1,14.285021633355791
"Mountain Edge , 200 East Commonwealth Dr , Wytheville , VA , 24382",36.9600105,-81.0960388,1030.17,128.3,39.641,20.8,83.8,3128.6137958333334,160.5,16.04141807021484
"NMALA_S.WhiteSands , 905 S White Sands Blvd , Alamogordo , NM , 88310",32.8807774,-105.9597223,223.69,38.6,9.261,7.4,23.1,3872.181924722222,131.9,18.642849913915715
"OLD SUDS STOP DO NOT USE , 123 1st St , Keyport , NJ , 7735",40.4390443,-74.1975317,1246.69,127.1,56.88199999999999,18.9,69.9,3004.5386699999995,126.3,19.095240736582078
"Paradise Bay Express II , 5909 Ogeechee Rd , Savannah , GA , 31419",31.997541,-81.2525169,1358.0,139.7,0.40599999999999997,0.1,6.0,3369.8826863888885,167.0,16.352365820794972
"Quick and Clean Car Wash Niceville , 4567 E Hwy 20 , Niceville , FL , 32578",30.483296,-86.4162179,1596.5700000000002,145.4,0.014000000000000002,0.1,3.3,3400.7728719444444,168.3,20.27549794146269
"Quick and Clean DeFuniak Springs , 822 US-331 , DeFuniak Springs , FL , 32435",30.710288,-86.124813,1728.15,151.8,0.028000000000000004,0.1,6.6,3311.736278055555,171.2,14.836231679017889
"Quick and Clean John Sims , 1215 E John Sims Pkwy , Niceville , FL , 32578",30.5148286,-86.4631661,1779.1799999999998,159.0,0.014000000000000002,0.1,6.1,3391.9877102777778,169.3,16.700509843551167
"RHYNO CAR WASH , 710 W Main St , Cabot , AR , 72023",34.9763301,-92.0219985,1375.77,121.1,6.986,5.3,32.4,3182.893997777778,126.3,14.879308556029645
"Rock Island Express , 1665 Denmark Rd , Union , MO , 63084",38.4320447,-90.9671716,1223.3300000000002,120.3,30.856,18.1,69.1,3100.661711111111,123.8,15.680948274571449
"Route 3 Car Wash , 5100 Plank Rd , Fredericksburg , VA , 22407",38.2893657,-77.5505562,1122.7200000000003,122.6,27.118000000000002,11.5,57.6,3114.6959677777772,129.1,15.49724193427652
"S. Broadway Salem , 440 S Broadway , Salem , NH , 3079",42.747211,-71.2035245,1189.65,121.0,118.846,37.2,106.7,2929.4114525,119.8,17.262215959278386
"SANDUSKY CLEAN SCENE , 4307 Milan Rd , Sandusky , OH , 44870",41.416414,-82.673379,1018.9799999999999,137.8,62.587,41.7,88.7,3009.1160894444447,135.5,23.186530578636123
"SHINE LINE EXPRESS , 6009 Washington Ave , Ocean Springs , MS , 39564",30.4311841,-88.8303482,1674.78,153.0,0.252,0.2,4.3,3335.104929444444,162.3,18.990743169398904
"Take 5 Car Wash #113 , 16100 SR 54 , Odessa , FL , 33556",28.1894407,-82.6174862,1553.88,158.1,0.0,0.0,0.3,3477.674013611111,173.6,16.342201886368745
"Take 5 Car Wash #662 , 1545 Pooler Pkwy , Pooler , GA , 31322",32.0932353,-81.2735417,1315.5400000000002,139.0,0.476,0.1,7.0,3360.3602705555554,165.8,15.467593607305938
"Take 5 Car Wash #686 , 10405 County Line Rd , Spring Hill , FL , 34609",28.4342321,-82.545379,1474.1200000000003,157.4,0.0,0.0,0.9,3440.0873558333333,174.3,16.438093045886667
"Take 5 Muskogee , 2037 N 11th St W , Muskogee , OK , 74401",35.7708668,-95.3764143,1201.11,101.6,10.906,5.7,34.8,3244.0289630555553,118.5,17.69760161688749
"University Park Auto SPA , 3005 W University Blvd , Durant , OK , 74701",34.0046555,-96.4070096,1188.3899999999999,99.9,5.816999999999999,3.9,23.8,3247.197953888889,125.7,17.40058155550565
"Valley CW #1 , 126 Cole Ln , Winchester , VA , 22602",39.1862133,-78.1262533,1028.6999999999998,118.4,47.495000000000005,19.0,77.3,3085.1362319444443,126.0,15.514805075230182
"WET RHINO TRUCK WASH , 5120 N Granite Ln , Sioux Falls , SD , 57107",43.6043609,-96.7660451,751.1499999999999,91.3,81.86499999999998,40.5,140.2,3192.5433875000003,120.6,23.366457294707686
"Washington , 1410 Washington Rd , Washington , PA , 15301",40.2123212,-80.194829,1273.25,151.6,59.269000000000005,38.0,89.6,2863.0691755555554,145.4,16.05590156448836
"Winston-Salem , 5235 Beauchamp Ln , Winston-Salem , NC , 27104",36.093828,-80.3689625,1156.43,118.8,16.8,6.5,47.6,3183.577803611111,137.0,15.080917957930982
